Id,CallTime,LastContactMonth,PrevAttempts,DaysPassed,HHInsurance,NoOfContacts,CarInsurance
1,70,0,0,-1,1,2,0
2,185,1,0,-1,1,5,0
3,340,2,1,119,1,1,1
4,819,1,0,-1,1,2,1
5,192,2,0,-1,0,1,0
6,796,1,1,109,0,1,1
7,195,3,0,-1,1,1,1
8,66,1,0,-1,1,4,0
9,106,4,0,-1,1,1,0
10,326,1,0,-1,1,2,0
11,181,2,0,-1,0,1,0
12,470,0,0,-1,0,1,1
13,701,0,0,-1,1,1,1
14,163,2,0,-1,1,2,0
16,131,5,3,114,0,1,1
17,92,1,4,362,1,3,0
18,658,6,2,95,0,4,1
19,451,1,2,169,1,1,1
20,456,7,0,-1,0,1,1
21,97,2,0,-1,1,8,0
22,606,6,13,91,0,3,1
23,218,5,0,-1,0,2,0
24,304,8,2,119,0,1,1
25,127,9,7,558,1,1,1
26,275,8,0,-1,0,2,0
27,104,4,0,-1,0,3,0
29,109,2,0,-1,1,3,0
30,13,2,0,-1,0,14,0
31,766,7,3,84,0,3,1
32,154,2,3,194,1,1,0
33,284,5,0,-1,0,3,1
34,383,9,0,-1,0,2,0
35,39,1,0,-1,1,7,0
36,506,1,0,-1,1,1,0
37,987,1,0,-1,1,3,0
38,41,8,0,-1,1,5,0
39,640,8,0,-1,1,3,1
40,70,4,0,-1,1,3,0
41,129,1,0,-1,1,2,0
42,134,1,0,-1,1,1,0
43,699,9,0,-1,0,1,1
44,432,1,1,176,1,1,1
45,36,5,0,-1,0,1,0
46,113,2,0,-1,1,3,0
47,761,8,0,-1,1,1,1
48,1106,10,0,-1,0,2,1
49,71,2,0,-1,0,4,0
50,207,9,0,-1,0,4,0
52,72,2,0,-1,0,1,0
53,454,4,0,-1,1,1,1
55,124,0,0,-1,0,1,0
56,1420,9,0,-1,0,3,1
57,283,4,5,171,1,1,0
58,92,10,1,327,0,1,0
60,309,1,0,-1,0,1,0
61,81,5,0,-1,0,4,0
62,1181,4,0,-1,0,2,1
63,267,5,0,-1,0,1,1
64,132,1,0,-1,0,2,0
65,1002,1,0,-1,1,4,1
66,295,2,0,-1,0,1,1
67,25,0,0,-1,0,1,0
68,185,7,0,-1,1,1,0
69,135,7,0,-1,1,1,1
70,316,2,0,-1,1,1,0
71,1391,1,0,-1,1,2,1
72,341,1,0,-1,1,2,0
73,206,6,2,94,0,7,0
74,209,1,0,-1,1,3,0
75,58,5,0,-1,0,4,0
76,169,9,1,183,0,1,1
77,181,2,1,320,1,1,0
78,312,1,0,-1,1,1,0
79,153,1,1,176,1,1,0
80,322,1,0,-1,1,1,0
81,1257,1,0,-1,1,3,1
82,57,5,0,-1,0,6,0
83,289,1,0,-1,1,2,1
84,94,2,0,-1,0,1,0
85,1917,0,0,-1,0,2,1
86,268,8,0,-1,0,1,0
87,227,1,0,-1,1,1,0
88,1207,1,0,-1,1,2,1
89,460,1,6,352,1,3,0
90,1204,8,0,-1,0,1,1
91,1201,1,0,-1,1,1,1
92,652,1,0,-1,1,2,0
93,112,1,0,-1,1,4,0
94,220,4,0,-1,1,2,0
95,160,1,0,-1,1,3,0
96,63,8,0,-1,0,12,0
97,251,0,0,-1,0,2,0
98,539,2,0,-1,0,1,1
99,46,8,0,-1,0,5,0
100,177,0,4,95,0,2,0
101,76,7,0,-1,0,4,0
102,1721,1,0,-1,1,2,1
103,1148,8,2,276,0,1,1
104,617,1,0,-1,0,2,1
105,83,4,0,-1,0,1,0
106,600,5,0,-1,0,1,1
107,138,9,0,-1,1,1,0
108,195,5,0,-1,0,2,0
109,272,1,0,-1,0,1,1
110,123,8,0,-1,0,4,0
111,494,8,0,-1,1,4,1
112,160,2,0,-1,0,2,1
113,81,1,0,-1,1,4,0
114,73,3,0,-1,1,2,0
115,159,1,0,-1,1,3,0
116,297,7,3,86,0,1,1
117,543,8,0,-1,1,4,1
118,94,9,1,184,0,5,1
119,447,5,2,728,0,1,1
120,165,8,0,-1,0,5,0
121,141,9,0,-1,0,1,1
122,369,11,0,-1,0,2,1
123,201,4,0,-1,0,1,1
124,973,2,0,-1,0,2,1
125,107,6,2,105,0,2,1
126,161,8,0,-1,0,5,0
127,671,5,0,-1,0,2,1
128,1258,4,2,122,1,2,1
129,1571,4,0,-1,0,1,1
130,102,5,0,-1,1,2,0
131,246,8,0,-1,0,3,0
133,432,3,0,-1,0,1,0
134,309,7,1,317,1,1,0
135,77,8,0,-1,0,1,0
136,293,5,4,90,0,1,1
137,648,4,0,-1,0,1,1
138,203,8,0,-1,0,1,1
139,74,1,2,290,1,1,0
140,145,5,4,94,0,3,0
141,180,1,0,-1,1,2,0
142,515,9,0,-1,0,1,0
143,31,8,0,-1,0,3,0
144,135,7,0,-1,1,1,0
145,403,0,0,-1,0,2,1
146,475,8,1,412,0,1,1
147,220,10,3,155,0,3,1
148,134,1,0,-1,1,1,0
149,553,2,0,-1,0,2,0
150,185,1,8,350,1,1,0
152,146,10,0,-1,1,1,1
153,234,1,0,-1,1,1,0
154,482,2,0,-1,0,2,1
155,176,7,0,-1,0,3,1
156,288,5,8,1,0,1,1
157,110,2,0,-1,1,1,0
158,19,4,3,179,1,2,0
159,60,4,0,-1,1,1,0
160,122,7,0,-1,0,1,1
161,417,1,0,-1,0,2,1
162,93,2,0,-1,0,4,0
163,70,5,0,-1,0,4,0
164,394,9,1,189,0,3,1
165,13,2,0,-1,0,6,0
166,654,1,0,-1,1,1,1
167,60,9,0,-1,0,2,0
168,565,5,0,-1,0,2,1
169,227,7,0,-1,0,5,1
170,230,8,0,-1,0,3,0
171,55,8,0,-1,0,7,0
172,297,4,0,-1,1,1,0
173,362,3,3,290,0,1,1
174,1556,4,0,-1,1,4,1
175,373,5,0,-1,1,8,0
176,44,1,0,-1,1,3,0
177,190,10,5,92,0,1,1
178,238,1,0,-1,1,3,0
179,159,6,2,120,0,1,1
180,624,5,0,-1,0,1,1
181,144,1,0,-1,1,1,0
182,151,8,0,-1,1,4,0
183,552,1,2,90,0,1,1
184,522,2,0,-1,0,1,1
185,173,7,0,-1,0,1,1
186,304,10,2,94,1,1,1
187,117,5,0,-1,0,3,0
188,502,10,3,115,0,1,1
189,389,1,0,-1,1,1,0
190,730,5,0,-1,0,11,1
191,71,1,0,-1,0,3,0
192,12,2,0,-1,0,4,0
193,22,6,2,107,1,1,0
194,106,8,0,-1,0,1,0
195,421,2,0,-1,0,2,1
196,387,1,0,-1,1,1,1
197,461,8,0,-1,1,2,0
198,70,4,0,-1,1,2,0
199,380,4,1,88,0,1,1
200,148,1,3,291,1,1,0
201,1231,5,0,-1,0,4,1
202,89,2,0,-1,0,3,0
203,180,8,0,-1,0,2,1
204,355,5,0,-1,0,4,0
205,113,5,0,-1,0,2,0
207,1048,0,0,-1,0,1,1
208,268,7,1,330,1,1,0
209,970,7,1,87,0,1,1
210,929,4,0,-1,1,1,1
211,84,8,2,183,1,5,0
212,134,4,1,91,0,2,1
213,579,7,1,350,1,2,0
214,1142,8,0,-1,0,5,1
215,548,2,0,-1,1,2,1
216,335,8,2,194,0,3,1
217,301,9,0,-1,0,1,0
218,224,0,0,-1,1,2,0
219,96,3,0,-1,0,2,1
220,138,1,0,-1,1,1,0
221,182,4,1,194,0,2,1
222,532,1,0,-1,1,3,1
223,783,8,0,-1,1,1,0
224,200,1,0,-1,1,1,0
225,82,0,0,-1,1,2,0
226,129,2,0,-1,0,1,0
227,616,1,1,370,0,1,1
228,55,1,1,368,1,1,0
229,606,1,0,-1,1,3,1
230,267,9,3,270,1,4,0
231,634,5,0,-1,0,1,1
232,162,5,4,161,1,1,0
234,9,1,0,-1,1,5,0
235,650,8,0,-1,0,2,1
236,57,4,0,-1,0,1,0
237,91,4,0,-1,0,2,0
238,304,5,0,-1,1,12,0
239,119,5,0,-1,1,3,0
241,163,1,0,-1,1,3,0
242,102,1,0,-1,1,1,0
243,73,2,0,-1,0,1,0
244,515,5,0,-1,1,3,1
245,489,9,2,178,1,1,1
246,326,7,1,148,1,3,0
248,275,4,0,-1,0,2,0
249,238,1,0,-1,1,2,0
250,398,1,0,-1,0,2,1
251,375,2,0,-1,1,11,0
253,651,2,0,-1,0,5,1
254,107,6,0,-1,0,2,0
255,5,8,0,-1,1,25,0
256,144,3,0,-1,1,2,1
257,152,1,0,-1,1,2,0
258,154,1,0,-1,1,2,0
259,1019,8,0,-1,0,11,1
260,166,10,0,-1,0,2,0
261,136,2,0,-1,0,2,0
262,371,8,0,-1,0,1,0
263,651,8,0,-1,0,1,1
264,961,8,0,-1,1,1,1
265,187,8,0,-1,0,11,1
266,151,2,0,-1,1,3,0
268,77,8,0,-1,0,5,0
269,751,9,0,-1,0,1,1
270,562,5,3,94,0,2,1
271,82,2,0,-1,1,3,0
272,384,2,0,-1,1,1,0
273,89,4,0,-1,0,1,0
274,406,9,2,92,0,2,1
275,204,8,2,532,0,4,1
276,75,5,0,-1,0,2,0
277,1023,1,0,-1,1,4,0
278,166,5,0,-1,0,1,0
279,99,8,0,-1,1,1,0
280,394,8,0,-1,1,1,0
281,198,9,0,-1,1,3,0
282,597,8,0,-1,0,2,0
283,700,2,0,-1,0,1,1
284,266,1,0,-1,1,1,0
285,978,5,0,-1,0,1,1
286,187,10,10,213,0,2,1
287,215,5,0,-1,0,2,0
288,285,6,3,81,0,3,1
289,117,9,4,221,1,2,0
290,70,8,0,-1,0,3,0
291,2078,8,0,-1,0,6,1
292,96,4,0,-1,0,1,0
293,30,2,0,-1,0,1,0
294,124,7,0,-1,1,1,0
295,51,2,0,-1,0,2,0
296,76,8,0,-1,1,2,0
298,149,2,1,94,1,1,1
299,68,1,0,-1,0,1,0
300,843,1,1,370,1,1,1
301,34,2,0,-1,0,1,0
302,436,5,0,-1,0,2,0
303,316,10,3,92,1,2,0
304,93,7,0,-1,0,3,1
305,224,8,0,-1,0,1,1
306,134,5,0,-1,0,2,0
307,346,1,0,-1,1,2,0
308,233,5,1,433,0,1,1
309,147,1,1,307,1,4,0
310,327,7,0,-1,0,3,1
311,277,9,0,-1,0,1,0
312,70,0,0,-1,0,1,0
314,279,9,0,-1,1,1,0
315,313,5,0,-1,0,6,0
316,478,10,0,-1,1,1,1
317,602,0,5,253,1,1,1
318,47,4,1,190,1,1,0
319,470,4,0,-1,1,2,0
320,120,1,4,170,1,1,0
321,253,4,4,92,0,1,1
322,5,1,0,-1,1,2,0
323,579,5,0,-1,0,2,1
324,57,7,1,325,1,3,0
325,388,9,7,262,1,1,1
326,80,8,0,-1,0,3,0
327,236,1,0,-1,1,1,0
328,165,4,2,100,1,1,0
329,257,3,2,91,0,1,1
330,5,1,0,-1,1,3,0
331,265,5,4,95,0,3,1
332,246,7,0,-1,1,2,0
333,998,5,0,-1,0,6,1
334,716,5,0,-1,0,3,1
335,382,2,0,-1,1,7,1
338,1036,7,0,-1,1,1,1
339,288,1,0,-1,1,5,1
340,632,8,0,-1,1,6,1
341,1023,2,0,-1,0,3,1
342,208,1,0,-1,1,2,0
343,227,8,0,-1,0,2,1
344,486,8,0,-1,1,1,0
345,162,1,0,-1,1,2,0
346,352,8,0,-1,1,5,0
347,169,10,1,134,0,1,0
348,213,10,0,-1,0,1,1
349,333,7,0,-1,1,3,1
350,153,8,0,-1,0,2,0
351,347,1,0,-1,1,2,1
352,117,8,0,-1,1,2,0
353,170,1,0,-1,1,7,0
354,116,5,0,-1,0,4,0
355,51,4,0,-1,0,7,0
356,214,1,0,-1,1,1,0
357,112,2,0,-1,1,3,0
358,405,1,0,-1,1,1,0
359,352,2,2,56,1,1,0
360,802,8,0,-1,1,11,1
361,283,1,0,-1,1,3,0
362,131,0,0,-1,0,1,0
363,105,7,0,-1,1,2,0
364,213,1,0,-1,0,4,1
365,227,1,0,-1,1,4,0
367,233,1,0,-1,1,3,0
368,124,9,1,273,1,1,0
369,1226,9,0,-1,0,1,1
370,151,8,0,-1,0,4,0
371,91,1,0,-1,0,1,0
372,257,7,0,-1,1,1,0
373,411,4,0,-1,1,1,1
374,232,9,1,211,1,1,0
375,742,9,1,182,0,2,1
376,392,7,1,182,0,1,1
377,22,2,0,-1,0,12,0
378,226,0,0,-1,0,2,0
379,141,5,0,-1,0,4,0
380,201,5,0,-1,1,2,0
381,123,9,0,-1,0,2,0
382,72,7,0,-1,1,1,0
383,709,4,0,-1,0,2,1
384,205,5,0,-1,0,8,0
385,440,1,0,-1,1,2,1
386,255,1,0,-1,1,6,0
387,326,1,4,179,1,5,1
388,201,2,0,-1,0,1,0
389,686,4,0,-1,1,1,1
390,149,11,0,-1,0,3,1
391,420,1,0,-1,1,2,1
392,228,5,2,106,0,2,0
393,1015,1,0,-1,1,1,1
394,345,2,0,-1,1,3,0
396,101,2,0,-1,0,2,0
397,224,1,0,-1,1,4,0
398,78,0,0,-1,1,2,0
399,24,10,0,-1,0,1,0
400,529,4,0,-1,1,1,1
401,306,9,0,-1,1,1,0
402,829,1,11,296,1,1,1
403,308,1,0,-1,1,3,1
404,267,8,0,-1,1,1,1
405,652,8,0,-1,1,1,1
407,243,5,0,-1,0,2,0
408,1135,1,30,323,1,3,1
409,327,7,2,138,1,2,0
410,215,6,0,-1,0,1,1
411,214,1,3,15,1,4,0
412,443,8,0,-1,1,1,0
413,115,1,0,-1,1,1,0
414,985,8,0,-1,0,11,1
415,456,4,0,-1,0,2,1
416,918,1,0,-1,1,1,1
417,509,8,0,-1,1,1,0
418,667,1,0,-1,1,2,1
420,1579,9,4,246,1,1,1
421,36,4,0,-1,0,1,0
422,638,8,0,-1,1,3,1
424,130,1,0,-1,1,3,0
425,438,1,0,-1,1,2,0
426,568,1,0,-1,1,4,1
427,230,6,7,93,1,1,1
428,231,5,0,-1,0,4,0
429,512,5,0,-1,0,4,1
430,274,11,1,230,0,1,1
431,290,1,0,-1,1,2,0
432,236,1,0,-1,1,1,1
433,533,8,0,-1,0,3,1
434,376,1,1,97,0,2,0
435,293,6,3,92,1,2,1
436,500,4,1,133,1,2,1
437,92,5,0,-1,0,2,0
438,384,7,0,-1,1,5,0
439,161,1,0,-1,1,3,0
440,93,5,0,-1,0,11,0
441,212,8,0,-1,1,3,0
442,377,8,0,-1,1,3,0
443,1344,5,0,-1,0,7,1
444,195,5,0,-1,0,1,0
445,204,5,0,-1,0,2,0
446,336,1,0,-1,1,9,0
447,116,1,0,-1,1,2,0
448,738,7,0,-1,1,2,0
449,93,1,0,-1,0,2,0
450,136,9,2,252,0,1,0
451,282,7,0,-1,1,2,1
452,104,8,0,-1,1,2,0
453,107,4,0,-1,1,1,0
454,180,1,0,-1,1,1,0
456,184,7,2,126,0,2,1
457,674,2,0,-1,0,1,1
458,664,4,0,-1,0,3,1
459,293,5,0,-1,0,3,0
460,949,7,0,-1,0,2,1
461,248,8,0,-1,1,1,1
462,1119,1,0,-1,1,2,1
463,59,1,1,301,1,1,0
464,124,2,0,-1,0,2,1
465,92,2,0,-1,1,2,0
466,550,9,0,-1,0,4,1
467,291,3,2,238,1,3,0
468,40,1,0,-1,1,2,0
469,80,8,0,-1,1,1,0
470,88,4,0,-1,1,1,0
473,230,8,0,-1,1,2,0
474,552,5,0,-1,0,2,1
475,521,1,0,-1,1,2,0
476,672,1,0,-1,0,6,0
477,873,1,2,370,1,3,1
478,137,8,0,-1,1,2,0
479,161,1,0,-1,1,2,0
480,234,5,0,-1,0,4,0
481,122,7,2,98,1,1,1
482,386,7,0,-1,1,2,0
483,705,2,1,195,0,1,1
484,204,1,0,-1,1,3,0
485,108,4,0,-1,1,1,0
486,559,5,0,-1,0,4,1
488,88,4,0,-1,1,1,0
489,93,5,0,-1,0,3,0
490,715,9,0,-1,0,1,0
491,84,6,0,-1,0,3,1
492,51,1,0,-1,0,1,0
493,124,9,4,204,0,4,0
494,370,1,1,363,1,1,0
495,25,2,0,-1,1,26,0
496,1290,8,0,-1,1,4,1
497,621,7,0,-1,0,1,1
498,99,5,0,-1,0,24,0
499,239,5,0,-1,0,4,0
500,405,1,2,205,0,3,1
501,158,7,0,-1,0,2,1
502,1027,1,0,-1,1,2,1
503,1309,8,0,-1,1,4,1
504,1835,9,2,182,0,3,1
505,158,1,1,167,1,1,0
506,14,1,0,-1,0,1,0
507,24,2,0,-1,1,1,0
508,649,1,0,-1,1,2,1
509,1030,1,3,169,1,1,1
510,1366,7,0,-1,1,1,1
511,48,8,0,-1,0,2,0
512,603,5,0,-1,0,3,1
513,112,9,2,204,1,2,0
514,67,8,0,-1,0,1,1
515,1007,1,0,-1,1,1,0
516,891,1,0,-1,1,4,1
517,100,1,0,-1,1,1,0
518,31,8,0,-1,0,3,0
519,695,1,0,-1,1,1,1
520,194,5,0,-1,0,2,0
521,1123,2,0,-1,0,1,1
522,273,8,0,-1,1,5,0
523,171,9,2,91,0,1,1
524,178,1,0,-1,1,3,0
525,104,5,0,-1,0,4,0
526,54,1,0,-1,1,11,0
527,217,1,2,287,1,1,0
528,1298,6,0,-1,0,1,1
529,1080,1,0,-1,1,1,1
530,1127,4,3,184,0,5,1
531,568,0,0,-1,0,2,0
532,347,11,5,186,1,4,0
533,639,0,1,94,0,1,1
534,684,8,0,-1,0,2,1
535,614,4,0,-1,0,1,1
536,325,3,0,-1,1,2,1
538,91,1,0,-1,1,1,0
539,373,4,0,-1,0,3,1
540,820,4,0,-1,1,1,1
541,149,7,0,-1,0,1,1
542,1224,1,0,-1,0,2,1
543,427,7,0,-1,0,3,1
544,255,0,1,88,0,1,1
545,388,8,0,-1,0,3,0
546,541,4,0,-1,0,1,1
547,479,2,0,-1,0,4,0
548,136,9,0,-1,0,4,1
549,261,3,0,-1,0,1,1
550,127,1,0,-1,1,6,0
551,178,1,0,-1,1,1,0
552,1532,4,0,-1,1,3,1
553,690,1,0,-1,1,1,1
554,130,8,0,-1,0,3,0
556,89,8,0,-1,0,5,0
557,234,2,0,-1,0,2,0
558,514,5,0,-1,1,10,0
559,1374,5,0,-1,0,10,1
560,229,1,0,-1,0,3,1
561,61,0,0,-1,1,1,0
562,459,1,0,-1,1,1,1
564,71,2,0,-1,1,1,0
565,230,2,0,-1,1,3,1
566,38,1,2,362,1,1,0
567,130,8,0,-1,0,6,0
568,369,9,0,-1,0,1,1
569,103,9,0,-1,0,1,0
570,195,5,0,-1,0,7,0
571,778,7,0,-1,1,3,0
572,158,9,0,-1,0,3,1
573,402,1,0,-1,1,1,0
574,744,6,0,-1,0,1,1
575,1062,8,0,-1,1,4,1
577,110,1,0,-1,1,3,0
578,177,2,0,-1,0,2,1
579,694,1,0,-1,1,2,1
580,235,1,0,-1,1,2,0
581,578,2,0,-1,0,2,1
582,651,5,7,1,0,1,1
583,263,8,0,-1,1,1,0
584,162,4,0,-1,1,4,0
585,620,11,0,-1,1,3,1
586,176,8,0,-1,0,1,0
587,96,1,0,-1,1,3,0
588,482,8,0,-1,0,2,0
589,546,2,0,-1,1,10,1
590,168,0,0,-1,0,1,0
591,184,2,0,-1,0,2,0
592,171,4,2,172,1,1,0
593,174,9,0,-1,0,1,0
594,128,1,0,-1,1,1,0
595,101,1,0,-1,1,1,0
596,314,1,0,-1,0,2,0
597,143,4,0,-1,1,2,0
598,411,4,2,173,1,1,0
599,96,8,0,-1,0,1,0
600,185,8,0,-1,1,1,0
601,152,1,0,-1,1,1,0
602,420,1,0,-1,1,4,0
603,221,9,0,-1,0,2,1
604,1867,1,0,-1,1,6,1
605,188,1,0,-1,1,2,0
607,1303,8,0,-1,1,2,1
608,2231,1,0,-1,1,1,1
609,774,1,0,-1,1,4,1
610,61,8,0,-1,0,14,0
611,101,8,0,-1,0,4,0
612,363,9,1,187,0,1,1
613,1341,4,7,178,1,3,1
614,8,5,0,-1,0,10,0
615,658,1,3,351,1,1,1
616,371,4,4,96,1,2,0
617,151,7,0,-1,1,2,0
618,279,2,0,-1,1,1,0
619,352,5,2,828,1,1,1
620,125,1,0,-1,1,2,0
621,5,8,0,-1,1,2,0
622,1134,5,0,-1,0,1,1
623,407,4,2,182,0,4,0
624,93,9,9,91,1,1,1
625,170,2,0,-1,0,1,1
626,169,0,2,2,1,1,0
627,70,5,0,-1,0,4,0
628,392,2,0,-1,1,3,0
629,412,8,0,-1,1,1,0
630,413,4,3,92,1,1,1
631,406,5,0,-1,0,1,0
632,121,10,0,-1,1,3,0
633,489,9,0,-1,1,1,1
634,187,2,0,-1,0,2,0
635,506,2,0,-1,0,1,1
636,482,2,2,91,0,1,1
637,102,8,0,-1,0,2,0
638,582,1,2,95,1,1,1
639,141,9,0,-1,0,2,1
640,526,10,0,-1,1,1,1
641,439,1,1,103,0,1,1
642,85,0,0,-1,0,2,0
643,151,8,0,-1,1,3,0
644,202,8,0,-1,0,1,0
645,515,4,2,181,1,1,0
646,709,8,0,-1,0,1,1
647,170,8,0,-1,0,3,0
648,113,1,0,-1,1,4,0
649,181,5,0,-1,0,2,0
650,288,6,0,-1,0,3,1
651,1422,2,0,-1,1,10,1
652,285,9,0,-1,0,1,1
653,455,0,2,544,0,1,1
654,367,8,2,92,0,2,1
655,338,8,0,-1,0,3,0
656,308,11,0,-1,0,2,1
657,929,1,0,-1,1,3,1
658,347,10,0,-1,0,3,1
659,139,9,2,73,1,3,0
660,1702,6,2,105,0,3,1
661,382,2,0,-1,1,2,1
662,369,2,0,-1,0,3,1
663,91,7,1,268,1,2,0
664,115,8,1,93,0,3,1
665,112,1,0,-1,0,4,0
666,423,1,0,-1,1,1,0
667,108,7,0,-1,1,1,0
668,670,1,6,286,1,2,1
669,113,9,0,-1,0,1,1
670,124,8,0,-1,1,1,0
671,96,1,1,364,1,1,0
673,922,2,0,-1,0,2,1
674,1484,8,0,-1,1,24,1
675,306,5,0,-1,0,1,0
676,121,1,0,-1,1,1,0
677,132,1,0,-1,1,1,0
678,193,4,0,-1,1,3,0
679,106,5,0,-1,1,8,0
680,77,5,0,-1,0,3,0
681,88,4,1,126,1,1,0
682,485,8,0,-1,1,1,0
683,133,4,3,110,1,2,0
684,282,8,0,-1,1,3,0
685,114,9,0,-1,0,1,0
686,264,7,0,-1,0,2,1
687,222,5,2,104,0,2,0
688,106,5,0,-1,0,4,0
689,399,2,0,-1,0,8,0
690,198,5,2,180,0,1,1
691,53,2,0,-1,0,2,0
692,145,1,0,-1,1,1,0
693,7,2,0,-1,0,7,0
694,152,6,1,103,1,1,1
695,755,1,0,-1,1,1,1
696,114,1,0,-1,1,2,0
697,79,8,0,-1,0,4,0
698,173,5,0,-1,0,2,0
699,162,7,3,295,0,4,0
700,370,4,1,195,1,2,1
702,268,5,0,-1,0,2,0
703,83,9,0,-1,0,1,0
704,508,9,4,92,1,1,1
705,50,5,0,-1,0,2,0
706,13,8,0,-1,1,2,0
707,286,1,0,-1,1,1,0
708,589,2,0,-1,1,6,0
709,70,1,0,-1,1,1,0
710,22,5,0,-1,1,38,0
711,194,1,0,-1,1,1,0
712,72,8,0,-1,1,1,0
713,330,7,0,-1,0,3,1
714,1184,5,0,-1,1,4,1
715,711,5,0,-1,1,1,1
716,250,5,2,92,0,1,1
717,551,1,2,371,1,1,1
718,576,1,0,-1,1,3,1
719,271,2,0,-1,1,2,0
720,14,2,0,-1,1,1,0
721,179,2,0,-1,0,1,0
722,69,1,0,-1,1,1,0
723,150,2,0,-1,1,2,0
724,417,5,9,365,0,1,1
725,979,8,0,-1,1,2,1
726,141,5,6,185,0,2,0
728,709,4,0,-1,0,2,1
729,176,4,0,-1,0,2,0
730,25,1,0,-1,1,6,0
731,75,9,0,-1,0,2,0
732,47,1,0,-1,1,1,0
733,788,1,6,331,1,2,0
734,97,8,0,-1,1,1,0
735,89,6,1,106,0,2,1
736,74,5,0,-1,0,2,0
737,244,1,0,-1,1,2,0
738,22,8,0,-1,0,2,0
739,1148,5,0,-1,0,2,1
740,85,2,0,-1,1,8,0
741,162,5,0,-1,0,2,1
742,122,1,0,-1,1,1,0
743,611,10,1,183,0,2,1
744,365,5,1,187,0,2,0
745,810,9,1,268,1,1,1
746,371,7,0,-1,1,2,1
747,1471,5,0,-1,0,7,1
748,1080,5,0,-1,0,3,1
749,223,4,0,-1,0,3,0
750,994,4,1,177,1,1,1
751,91,8,0,-1,0,1,0
752,943,1,0,-1,1,2,1
753,1531,1,0,-1,1,1,1
754,177,8,0,-1,1,3,0
755,171,7,0,-1,0,1,1
756,168,1,0,-1,1,2,0
757,342,3,0,-1,1,1,1
758,1925,1,7,351,1,1,0
759,130,4,2,95,0,1,1
760,738,5,0,-1,0,1,1
761,585,5,0,-1,0,3,0
762,42,8,0,-1,1,3,0
763,120,1,0,-1,1,1,0
764,109,1,0,-1,0,2,0
765,2087,1,0,-1,1,2,1
766,411,2,0,-1,0,1,1
767,163,8,0,-1,1,2,0
769,157,10,0,-1,0,1,0
770,543,1,0,-1,1,2,1
771,71,9,0,-1,1,2,0
772,124,2,0,-1,1,1,0
773,95,8,0,-1,1,1,0
774,202,6,0,-1,1,1,1
775,988,2,0,-1,0,4,1
776,45,9,2,217,1,1,0
777,590,8,0,-1,1,8,1
778,181,6,2,98,0,1,1
779,651,4,1,104,1,2,1
780,246,7,1,152,1,1,0
781,27,1,0,-1,1,1,0
782,230,1,0,-1,1,4,0
783,662,2,0,-1,0,5,0
784,318,1,0,-1,1,1,0
785,138,9,0,-1,0,1,0
786,53,8,0,-1,1,2,0
787,72,1,0,-1,1,1,0
788,1152,5,0,-1,0,6,1
789,543,6,0,-1,0,1,1
790,195,7,1,13,1,1,0
791,282,1,0,-1,1,2,0
793,440,5,3,182,0,5,0
794,309,0,10,91,0,1,1
795,1223,5,0,-1,0,6,1
796,466,1,0,-1,1,2,0
798,1491,8,0,-1,1,2,1
799,154,2,12,91,1,2,1
801,283,7,0,-1,1,1,0
802,374,5,0,-1,0,1,1
803,98,8,0,-1,1,2,0
804,116,2,0,-1,0,1,0
805,206,4,0,-1,0,1,0
806,495,4,1,93,0,1,1
807,21,4,2,185,1,3,0
808,156,2,0,-1,0,2,0
809,190,1,0,-1,1,1,0
810,245,5,0,-1,0,1,0
811,232,6,2,409,1,2,1
812,84,1,0,-1,1,1,0
813,666,9,0,-1,0,4,1
814,354,1,0,-1,1,1,0
815,206,5,0,-1,0,2,0
816,116,1,0,-1,1,6,0
817,241,9,0,-1,0,1,0
818,187,4,0,-1,1,2,0
819,510,7,0,-1,1,1,1
820,29,9,0,-1,1,7,0
821,312,4,3,130,1,1,0
822,518,7,1,346,1,3,0
823,158,8,0,-1,0,3,0
824,202,5,0,-1,0,1,0
825,168,2,0,-1,0,8,0
826,74,1,4,272,1,1,0
827,1032,1,0,-1,1,2,1
828,145,2,0,-1,0,1,0
829,112,5,0,-1,1,2,0
830,91,6,2,114,1,1,0
831,224,2,0,-1,0,1,1
832,296,1,0,-1,1,1,0
833,217,1,0,-1,1,1,0
834,180,4,0,-1,0,3,0
835,357,9,0,-1,1,1,0
836,336,1,0,-1,1,1,0
837,45,1,0,-1,1,1,0
838,46,2,0,-1,1,4,0
839,154,1,0,-1,0,1,1
840,96,2,0,-1,1,3,0
841,211,7,1,86,0,1,0
842,228,1,0,-1,1,1,0
843,135,8,0,-1,0,1,0
844,520,5,0,-1,0,7,1
845,52,0,1,227,0,2,0
846,267,7,0,-1,0,2,1
847,98,2,0,-1,1,4,0
848,545,7,8,181,0,2,1
849,532,8,0,-1,0,1,1
850,290,3,2,93,0,1,1
851,143,9,0,-1,0,2,0
852,790,2,1,141,1,4,1
853,82,8,0,-1,0,6,0
854,861,7,0,-1,0,2,1
855,499,0,1,247,1,1,0
856,849,10,1,119,0,2,1
857,805,8,0,-1,0,3,1
858,111,5,0,-1,0,2,0
859,1001,8,0,-1,0,3,1
860,590,1,1,370,1,1,1
861,683,2,0,-1,0,3,1
862,232,7,0,-1,1,4,1
863,310,1,0,-1,0,3,0
864,85,1,0,-1,1,1,0
865,311,1,2,368,1,1,1
866,875,5,0,-1,0,4,1
867,204,1,0,-1,1,4,0
868,419,7,2,151,1,2,0
869,182,1,0,-1,1,5,0
870,65,8,0,-1,1,5,0
871,811,1,0,-1,1,2,1
872,104,7,0,-1,0,2,1
873,342,4,0,-1,0,1,1
874,338,1,0,-1,0,1,1
875,245,2,0,-1,1,2,0
876,890,6,0,-1,0,5,1
877,132,8,0,-1,1,5,0
878,442,1,0,-1,1,2,1
879,133,1,1,97,0,1,1
880,241,8,0,-1,1,2,0
881,393,8,0,-1,0,5,0
882,302,1,0,-1,1,4,0
883,37,8,0,-1,1,10,0
884,235,8,0,-1,0,1,0
885,149,10,0,-1,0,1,1
886,561,4,0,-1,0,1,1
887,444,2,0,-1,1,3,0
888,363,2,0,-1,1,3,0
889,75,1,0,-1,1,3,0
890,498,8,0,-1,1,1,0
891,27,8,0,-1,0,20,0
892,306,1,0,-1,1,3,0
894,224,1,0,-1,1,3,0
895,505,7,0,-1,0,1,1
896,315,7,1,87,0,1,1
897,181,2,0,-1,0,2,1
898,471,6,1,189,0,1,1
899,85,7,1,322,1,1,0
900,171,1,0,-1,1,4,0
901,317,1,0,-1,1,1,0
902,833,1,0,-1,1,2,1
903,90,8,0,-1,0,2,0
904,199,3,0,-1,0,5,1
905,99,8,0,-1,1,13,0
906,237,1,4,165,1,4,0
907,282,7,2,329,1,4,0
908,677,4,0,-1,1,1,1
909,118,1,0,-1,1,3,0
910,110,1,0,-1,1,5,0
911,44,2,0,-1,0,5,0
912,137,8,0,-1,1,16,0
913,127,1,0,-1,0,1,0
915,117,5,0,-1,0,4,0
916,536,8,0,-1,1,5,1
917,428,5,8,272,1,2,1
919,722,6,0,-1,1,1,1
920,483,5,0,-1,0,2,0
921,615,1,0,-1,1,4,1
922,132,7,0,-1,0,2,0
923,150,11,2,195,0,2,1
924,163,2,0,-1,0,1,0
925,340,4,2,164,0,2,0
926,157,10,0,-1,0,1,1
927,152,1,0,-1,1,1,0
928,83,1,0,-1,1,3,0
929,49,2,0,-1,1,1,0
930,148,5,0,-1,0,2,0
932,175,1,5,298,1,1,0
933,475,1,0,-1,1,2,0
934,512,2,0,-1,1,1,1
935,96,8,0,-1,0,1,0
936,412,8,0,-1,0,2,1
937,222,1,0,-1,0,3,0
938,169,10,10,182,0,1,1
940,148,5,0,-1,1,2,1
941,841,4,0,-1,1,2,1
942,167,5,0,-1,0,2,0
943,318,5,0,-1,0,5,0
944,90,8,0,-1,1,11,0
945,1032,5,0,-1,0,3,1
946,601,7,0,-1,1,1,0
947,255,8,0,-1,0,2,0
948,171,7,9,337,1,2,0
949,255,2,0,-1,0,3,0
950,1183,9,0,-1,0,2,1
951,25,8,1,417,1,1,1
952,120,1,0,-1,1,2,0
953,115,9,2,264,1,3,0
954,368,10,0,-1,0,2,1
955,34,1,0,-1,1,2,0
956,134,5,0,-1,0,5,0
957,179,4,2,98,0,5,0
958,89,4,3,97,0,1,1
959,643,1,0,-1,1,1,0
960,116,8,0,-1,0,1,0
961,168,0,2,246,1,3,0
962,464,8,0,-1,0,1,0
963,581,5,0,-1,0,6,1
964,524,4,0,-1,0,1,1
965,66,4,0,-1,0,1,0
966,651,2,0,-1,0,3,1
967,453,7,0,-1,0,1,1
968,139,4,0,-1,1,1,0
969,75,1,0,-1,1,1,0
970,102,9,0,-1,0,4,0
971,156,9,0,-1,0,1,1
972,984,9,0,-1,1,2,1
973,733,1,0,-1,1,1,1
974,282,3,0,-1,0,2,0
975,53,8,0,-1,0,17,0
976,373,1,0,-1,1,2,0
977,1340,1,0,-1,1,1,1
978,623,1,1,293,1,1,1
979,265,5,0,-1,1,4,0
980,69,7,0,-1,1,2,0
981,293,7,0,-1,0,1,0
982,41,7,1,324,1,1,0
983,317,1,5,181,0,1,1
984,880,1,0,-1,1,4,1
985,885,2,0,-1,0,1,1
986,250,8,2,415,0,4,1
987,176,1,0,-1,1,1,0
988,109,5,0,-1,0,3,0
989,85,8,0,-1,1,3,0
990,52,1,0,-1,0,3,0
991,578,4,0,-1,0,2,1
992,173,1,0,-1,1,2,0
993,294,10,1,270,0,1,1
994,867,1,0,-1,0,1,1
995,64,4,2,184,1,2,0
996,318,4,0,-1,1,1,0
997,109,5,0,-1,0,2,0
998,105,10,0,-1,0,1,1
999,803,8,0,-1,1,1,0
1000,187,0,0,-1,0,7,1
1001,262,1,0,-1,1,2,0
1002,335,5,0,-1,0,3,0
1003,224,9,0,-1,0,3,0
1004,75,8,0,-1,1,1,0
1005,110,6,9,61,1,2,0
1006,50,4,0,-1,1,1,0
1007,37,9,0,-1,0,1,0
1008,130,0,0,-1,0,2,1
1009,364,1,0,-1,0,2,0
1010,884,1,4,346,1,3,1
1011,730,8,0,-1,0,1,0
1012,132,1,0,-1,1,32,0
1013,162,2,0,-1,0,3,0
1014,244,1,0,-1,0,1,1
1015,1103,5,0,-1,1,2,1
1016,34,1,0,-1,1,3,0
1017,18,1,3,178,1,5,0
1018,351,2,0,-1,1,3,0
1019,984,2,0,-1,1,2,1
1021,110,2,0,-1,1,3,0
1022,882,1,0,-1,1,1,1
1023,378,8,0,-1,0,1,0
1024,292,5,0,-1,0,2,0
1025,201,9,2,186,0,3,1
1026,60,1,0,-1,0,1,0
1027,896,10,2,57,0,1,1
1028,403,5,0,-1,0,2,0
1030,92,1,0,-1,1,5,0
1031,226,8,0,-1,1,1,0
1032,610,5,0,-1,0,4,1
1033,228,10,0,-1,0,1,1
1034,122,5,0,-1,1,2,0
1035,229,3,0,-1,1,1,1
1036,392,8,3,183,0,2,1
1037,749,4,0,-1,0,2,1
1038,812,8,0,-1,0,3,1
1039,350,2,0,-1,0,1,1
1040,47,1,0,-1,0,3,0
1042,351,9,0,-1,0,1,0
1043,293,6,1,93,0,1,1
1044,127,9,4,258,1,2,0
1045,60,1,1,176,1,1,0
1046,163,3,0,-1,0,2,1
1047,129,1,0,-1,1,8,0
1049,569,6,0,-1,0,1,1
1050,393,1,0,-1,0,1,0
1051,376,10,0,-1,0,1,1
1052,57,5,0,-1,0,3,0
1053,293,2,2,211,0,5,1
1054,99,5,0,-1,0,2,0
1055,220,5,0,-1,0,5,0
1056,135,5,0,-1,0,6,0
1057,146,1,0,-1,1,1,0
1058,108,1,0,-1,0,1,0
1059,132,5,0,-1,0,2,0
1060,107,7,1,80,0,1,0
1061,19,2,0,-1,1,20,0
1062,98,1,0,-1,0,1,0
1063,1022,4,0,-1,1,1,1
1064,684,3,0,-1,1,4,0
1065,148,7,0,-1,0,1,1
1066,968,8,5,87,0,1,1
1067,43,4,0,-1,1,1,0
1068,143,8,0,-1,1,2,0
1069,500,2,0,-1,1,2,1
1070,86,7,0,-1,1,1,0
1071,201,1,0,-1,1,1,0
1072,78,4,0,-1,0,1,0
1073,103,2,4,67,0,1,1
1074,530,8,0,-1,0,2,0
1075,404,6,1,182,0,1,1
1076,85,1,2,368,1,3,0
1077,101,4,3,80,0,3,0
1078,467,3,6,188,0,2,1
1079,121,8,0,-1,0,3,0
1080,157,5,2,97,0,3,1
1081,38,1,0,-1,1,3,0
1082,201,5,0,-1,1,2,0
1083,123,8,0,-1,0,5,0
1084,635,8,0,-1,1,3,1
1085,61,9,2,384,1,1,1
1086,100,8,14,84,0,6,0
1087,163,1,0,-1,1,3,0
1088,434,6,1,94,0,2,1
1089,155,1,0,-1,0,3,0
1090,68,2,1,90,0,1,0
1091,124,1,0,-1,1,2,0
1092,191,5,0,-1,0,5,0
1093,386,4,0,-1,0,2,1
1094,16,1,0,-1,1,1,0
1095,753,8,0,-1,0,2,1
1096,48,1,0,-1,0,1,0
1097,153,1,0,-1,1,1,0
1098,516,2,5,292,0,1,1
1099,202,4,0,-1,0,5,0
1100,200,9,1,271,1,1,0
1101,206,8,0,-1,0,3,0
1102,515,9,0,-1,1,1,1
1103,274,7,0,-1,0,1,1
1104,91,5,0,-1,0,8,0
1105,48,2,0,-1,0,1,0
1106,449,4,10,38,0,2,1
1107,286,9,0,-1,0,2,1
1108,615,4,1,34,1,3,1
1109,153,1,0,-1,1,2,0
1110,316,2,0,-1,0,2,0
1111,60,2,0,-1,0,3,0
1112,112,5,0,-1,0,1,0
1113,242,5,0,-1,0,5,0
1114,6,10,0,-1,0,1,0
1115,701,9,0,-1,1,4,1
1116,159,1,0,-1,1,1,0
1117,361,1,3,89,1,1,1
1118,463,8,0,-1,0,6,1
1119,291,1,0,-1,1,2,0
1120,149,2,0,-1,1,3,0
1121,57,1,0,-1,1,2,0
1122,122,0,0,-1,0,1,0
1123,984,1,4,343,1,1,1
1124,198,1,0,-1,1,2,0
1125,237,1,0,-1,1,1,0
1126,1193,8,1,412,0,1,1
1127,74,1,0,-1,1,1,0
1128,903,8,0,-1,1,1,1
1129,210,1,2,361,1,1,0
1130,133,1,0,-1,1,1,0
1132,114,7,1,148,1,1,0
1133,156,1,0,-1,1,2,0
1134,604,8,0,-1,0,1,1
1135,204,1,0,-1,0,2,0
1136,208,4,3,91,0,2,1
1137,228,6,4,182,0,1,0
1138,549,3,4,203,0,5,0
1139,288,3,0,-1,0,3,1
1140,397,1,5,169,1,1,0
1141,313,1,0,-1,1,1,0
1142,663,5,0,-1,0,3,1
1143,245,11,0,-1,0,5,0
1144,132,2,0,-1,0,2,0
1145,927,1,0,-1,1,1,1
1146,1404,9,0,-1,0,4,1
1147,604,1,0,-1,1,2,1
1149,271,2,4,92,1,2,1
1150,184,10,2,91,0,1,1
1151,248,8,0,-1,0,5,0
1152,126,5,0,-1,1,4,0
1153,173,1,0,-1,1,3,0
1154,68,4,0,-1,1,1,0
1155,374,1,0,-1,1,2,0
1156,79,5,0,-1,0,17,0
1157,61,1,3,369,1,2,0
1158,71,7,2,149,1,1,0
1159,427,9,3,191,0,1,1
1160,483,8,7,239,1,4,1
1161,101,3,0,-1,1,1,1
1162,686,5,0,-1,0,5,1
1163,375,5,0,-1,1,2,0
1164,293,7,2,322,1,3,0
1165,85,2,0,-1,1,5,0
1166,300,6,3,44,0,1,1
1167,255,7,1,272,1,2,0
1168,112,1,0,-1,0,1,0
1169,7,1,0,-1,1,2,0
1170,89,5,0,-1,0,4,0
1171,263,1,2,181,0,1,1
1172,255,5,0,-1,0,2,0
1173,1962,6,3,105,1,1,1
1174,64,5,0,-1,0,2,0
1175,67,2,0,-1,1,12,0
1176,835,2,0,-1,1,3,1
1177,36,8,0,-1,0,1,0
1178,185,1,1,305,0,1,0
1179,115,1,0,-1,1,4,0
1180,269,3,0,-1,0,3,1
1181,319,7,1,182,0,1,1
1182,397,2,0,-1,0,1,1
1183,372,1,10,90,0,1,1
1184,226,1,0,-1,1,1,0
1185,124,0,0,-1,0,1,0
1186,109,8,0,-1,1,3,0
1187,141,8,0,-1,1,4,0
1188,276,8,0,-1,1,2,0
1189,603,1,2,340,1,1,1
1190,488,1,0,-1,0,1,1
1191,109,1,0,-1,0,1,0
1192,419,10,0,-1,0,1,1
1193,140,1,0,-1,0,1,0
1194,195,1,3,90,0,1,1
1195,444,8,0,-1,1,3,1
1196,418,2,0,-1,0,1,0
1197,94,5,0,-1,0,2,0
1198,529,2,0,-1,0,4,0
1199,100,5,0,-1,1,9,0
1200,47,1,0,-1,1,1,0
1201,75,7,0,-1,0,1,0
1202,241,7,0,-1,0,1,1
1203,252,9,0,-1,1,1,0
1204,426,2,0,-1,1,5,0
1205,75,1,5,179,1,10,0
1206,76,4,0,-1,1,1,0
1207,505,9,0,-1,0,1,0
1208,295,7,0,-1,0,1,0
1209,500,8,0,-1,1,1,1
1210,454,4,0,-1,0,5,0
1211,352,9,1,183,0,1,1
1212,202,8,0,-1,0,3,0
1213,134,9,1,252,1,1,0
1214,610,8,0,-1,0,2,0
1215,242,5,4,95,0,6,1
1216,81,1,0,-1,1,6,0
1217,858,1,0,-1,1,1,1
1218,1007,8,0,-1,0,6,1
1219,231,9,2,297,1,2,1
1220,158,7,1,182,1,1,0
1221,367,11,2,294,0,2,1
1222,305,3,0,-1,0,13,1
1223,478,8,1,267,0,1,1
1224,519,8,9,90,0,2,1
1225,127,2,0,-1,0,1,0
1226,169,1,2,365,1,2,0
1227,824,11,11,193,0,1,1
1228,406,1,0,-1,1,1,0
1229,96,9,0,-1,1,1,0
1230,70,1,0,-1,0,1,0
1232,192,5,0,-1,0,5,0
1233,1000,5,0,-1,0,1,1
1234,84,5,0,-1,0,11,0
1235,204,1,0,-1,1,2,0
1236,208,9,0,-1,0,4,1
1237,126,6,1,134,0,2,1
1238,803,1,0,-1,1,1,1
1239,291,9,0,-1,0,1,0
1240,539,9,5,204,1,8,0
1241,516,1,0,-1,0,1,1
1242,388,8,0,-1,1,2,0
1243,52,4,1,176,0,1,0
1244,189,10,0,-1,0,2,0
1245,261,1,1,345,1,1,1
1246,371,2,0,-1,0,2,1
1247,479,0,0,-1,0,11,1
1248,255,5,1,104,0,2,1
1249,105,8,0,-1,0,1,0
1250,188,9,0,-1,0,7,0
1251,175,5,0,-1,0,2,0
1252,306,7,0,-1,0,2,1
1253,399,2,0,-1,1,1,0
1254,133,1,0,-1,1,2,0
1255,100,1,0,-1,1,5,0
1256,28,9,0,-1,1,9,0
1257,185,2,0,-1,1,2,0
1258,520,1,0,-1,0,2,0
1259,245,1,0,-1,0,1,0
1260,18,8,0,-1,1,9,0
1261,400,4,0,-1,1,2,0
1262,231,4,0,-1,1,2,0
1263,2184,4,3,95,0,2,1
1264,733,6,1,93,0,1,1
1265,371,10,1,495,1,1,1
1266,253,9,0,-1,0,21,1
1267,68,7,0,-1,1,4,0
1268,381,4,0,-1,0,1,1
1269,117,8,0,-1,0,3,0
1270,455,1,0,-1,1,1,0
1271,278,5,0,-1,0,1,0
1272,591,1,0,-1,1,1,1
1273,676,8,0,-1,0,1,1
1274,1258,5,0,-1,0,2,1
1275,867,2,0,-1,0,1,1
1276,47,4,1,193,1,1,0
1277,513,5,0,-1,0,1,1
1278,252,5,0,-1,0,1,1
1279,203,5,0,-1,1,6,0
1280,1263,1,0,-1,1,2,1
1281,546,9,4,196,1,3,1
1283,76,1,0,-1,1,1,0
1284,225,5,0,-1,0,1,1
1285,209,4,2,91,0,1,1
1286,192,2,0,-1,0,1,1
1287,56,5,0,-1,0,6,0
1288,644,8,0,-1,0,2,0
1289,1574,1,0,-1,1,2,1
1290,770,8,0,-1,1,2,0
1291,771,0,0,-1,0,1,1
1292,130,2,0,-1,1,2,0
1293,500,1,0,-1,0,2,0
1294,115,5,2,93,0,1,0
1295,65,1,0,-1,1,1,0
1296,575,7,0,-1,1,2,1
1297,194,7,0,-1,0,2,1
1298,98,1,0,-1,1,1,0
1299,629,1,0,-1,1,2,0
1300,332,7,3,346,0,1,0
1301,185,9,0,-1,0,1,1
1302,7,1,1,351,1,11,0
1304,357,11,3,188,0,1,1
1305,298,2,0,-1,1,2,0
1306,390,1,0,-1,1,2,0
1307,67,4,0,-1,0,1,0
1308,85,8,0,-1,0,2,0
1309,1662,4,0,-1,0,3,0
1310,19,5,0,-1,0,17,0
1311,3253,10,0,-1,1,1,1
1312,106,4,0,-1,0,1,0
1313,106,5,0,-1,0,2,0
1314,199,5,8,43,0,3,1
1315,197,1,3,282,1,1,0
1316,262,5,2,99,1,1,1
1317,430,7,0,-1,1,1,0
1318,2372,5,0,-1,0,6,1
1319,11,6,0,-1,0,1,0
1320,306,5,0,-1,1,2,0
1321,146,2,0,-1,0,1,0
1322,101,5,0,-1,0,5,0
1323,757,0,0,-1,0,2,0
1324,836,5,0,-1,0,3,1
1325,307,10,1,208,1,1,1
1326,133,9,2,8,0,5,0
1327,1330,2,0,-1,1,3,0
1328,224,7,0,-1,1,1,0
1329,36,1,0,-1,1,3,0
1330,191,3,0,-1,0,2,1
1331,293,5,2,105,0,2,1
1332,102,5,0,-1,0,4,0
1333,1581,1,0,-1,1,2,0
1334,137,9,4,264,1,3,0
1335,1658,9,1,262,1,1,1
1336,252,10,0,-1,1,1,1
1337,1009,8,0,-1,0,7,1
1338,448,5,0,-1,0,3,0
1339,134,1,1,185,0,3,0
1340,185,4,1,180,1,2,0
1341,281,8,0,-1,1,4,0
1342,2775,9,0,-1,0,2,1
1343,58,8,0,-1,1,1,0
1344,629,1,0,-1,1,4,1
1345,563,2,0,-1,1,1,1
1346,340,4,0,-1,1,2,0
1347,1616,0,2,95,0,1,1
1348,1230,1,0,-1,1,3,1
1349,99,9,0,-1,0,1,1
1350,214,1,1,36,0,2,1
1351,61,1,0,-1,1,2,0
1352,447,10,5,147,0,1,1
1353,72,1,1,176,1,4,0
1354,331,1,0,-1,0,5,1
1355,301,0,0,-1,0,2,1
1356,210,9,0,-1,0,2,1
1357,5,5,2,775,1,1,0
1358,783,9,5,175,1,1,1
1361,192,10,1,184,0,3,1
1362,599,8,0,-1,1,1,1
1363,819,8,0,-1,0,3,1
1364,262,1,1,353,0,2,1
1365,115,5,0,-1,0,2,0
1366,195,3,0,-1,0,1,1
1367,845,6,4,232,0,1,1
1368,66,8,0,-1,0,1,0
1369,356,8,0,-1,0,1,1
1370,252,10,0,-1,0,2,1
1371,316,7,0,-1,1,2,0
1372,423,0,0,-1,0,1,1
1373,48,2,0,-1,1,2,0
1374,66,5,0,-1,0,21,0
1375,115,5,0,-1,0,2,0
1376,38,1,0,-1,0,1,0
1377,83,2,0,-1,1,1,0
1378,420,3,1,276,0,1,1
1379,105,2,0,-1,0,1,0
1380,380,0,0,-1,0,3,1
1381,396,5,0,-1,0,3,0
1382,2062,11,1,257,0,2,1
1383,526,2,0,-1,1,2,1
1384,194,7,0,-1,1,2,0
1385,831,8,0,-1,1,1,1
1386,55,2,0,-1,0,2,0
1387,744,4,0,-1,0,2,0
1388,901,7,0,-1,1,2,1
1389,309,0,0,-1,0,3,0
1390,271,8,0,-1,0,3,0
1392,583,2,0,-1,0,4,1
1393,276,9,0,-1,1,5,0
1394,567,7,0,-1,0,2,1
1395,711,5,0,-1,1,3,0
1396,118,5,0,-1,1,2,0
1397,146,1,0,-1,0,1,0
1398,122,1,1,357,1,1,0
1399,481,6,1,579,0,1,1
1400,398,7,0,-1,1,2,0
1401,116,2,0,-1,0,7,0
1402,160,6,0,-1,0,4,0
1403,17,1,0,-1,1,8,0
1405,65,1,6,350,1,4,0
1406,60,3,0,-1,0,3,0
1407,71,5,0,-1,0,7,0
1408,75,2,0,-1,1,1,0
1409,157,2,0,-1,0,1,0
1410,749,10,0,-1,0,1,1
1411,260,7,0,-1,1,3,0
1412,659,1,0,-1,1,1,1
1414,63,5,0,-1,0,4,0
1415,112,2,0,-1,0,3,0
1416,138,1,0,-1,1,2,0
1417,135,4,1,152,0,2,0
1418,176,7,0,-1,0,1,1
1419,146,8,0,-1,1,4,0
1420,317,10,14,108,0,2,0
1421,85,0,5,195,1,1,0
1422,221,2,0,-1,0,7,1
1423,908,2,0,-1,1,1,1
1424,1179,5,0,-1,1,1,0
1425,83,2,0,-1,1,6,0
1426,98,4,2,110,0,2,0
1427,438,8,1,389,0,2,1
1428,771,1,0,-1,1,2,0
1429,316,7,2,350,1,1,1
1430,79,5,0,-1,0,4,0
1432,514,8,0,-1,0,5,1
1433,269,5,0,-1,0,2,0
1434,9,9,4,212,0,8,0
1435,353,1,0,-1,1,2,0
1436,207,4,0,-1,0,1,0
1437,618,1,0,-1,0,1,1
1438,189,1,0,-1,1,1,0
1440,89,10,0,-1,0,1,0
1441,108,10,0,-1,0,1,0
1442,132,7,0,-1,0,1,1
1443,1058,8,0,-1,1,2,1
1444,205,1,0,-1,1,2,0
1445,246,1,0,-1,0,2,0
1446,249,5,0,-1,1,5,0
1447,360,11,5,105,1,2,1
1448,178,1,0,-1,0,1,0
1449,133,0,2,226,1,1,0
1450,187,7,0,-1,1,5,0
1451,347,8,0,-1,0,1,0
1452,198,1,0,-1,0,2,0
1453,152,8,0,-1,0,2,0
1454,293,1,0,-1,0,2,1
1455,66,1,0,-1,0,1,0
1456,523,5,0,-1,0,3,1
1457,155,5,0,-1,0,4,0
1458,127,1,23,254,1,2,0
1459,745,8,0,-1,1,7,1
1460,151,0,3,91,0,1,1
1461,240,7,0,-1,0,1,1
1462,968,4,4,97,1,2,1
1463,704,8,0,-1,0,1,1
1464,342,2,0,-1,1,2,0
1465,210,2,0,-1,0,2,1
1466,144,8,0,-1,0,2,0
1467,532,6,2,188,0,2,1
1468,335,1,0,-1,1,1,0
1469,640,1,0,-1,0,1,1
1470,471,1,0,-1,0,1,0
1471,177,1,1,367,1,4,0
1472,118,2,0,-1,1,4,0
1473,208,7,1,87,0,1,1
1474,563,9,0,-1,0,5,1
1475,562,2,0,-1,1,15,1
1476,736,2,0,-1,1,2,1
1477,295,3,2,91,0,1,1
1478,95,8,0,-1,1,1,0
1479,608,4,0,-1,1,3,0
1480,157,1,0,-1,1,6,0
1481,911,8,0,-1,1,2,1
1482,125,2,0,-1,1,5,0
1484,339,7,0,-1,1,1,0
1485,122,1,0,-1,1,1,0
1486,562,1,0,-1,1,2,1
1487,74,8,0,-1,1,3,0
1488,103,1,0,-1,1,2,0
1489,110,4,1,189,1,3,0
1490,99,8,0,-1,1,12,0
1491,395,7,1,426,1,3,1
1492,115,3,0,-1,0,1,1
1493,144,1,0,-1,1,2,0
1494,244,7,0,-1,1,1,0
1495,504,1,0,-1,0,4,1
1497,249,1,0,-1,0,3,0
1498,611,1,0,-1,1,2,0
1499,322,2,0,-1,0,1,0
1500,346,9,3,191,0,2,0
1501,157,4,0,-1,0,1,0
1502,148,7,0,-1,0,1,1
1503,81,1,3,295,1,2,0
1504,112,9,0,-1,0,2,0
1505,1617,2,0,-1,1,1,1
1506,140,5,0,-1,0,1,1
1507,214,5,0,-1,0,4,0
1508,281,3,0,-1,0,1,1
1509,462,8,4,148,0,1,1
1510,65,6,0,-1,1,3,0
1511,52,1,0,-1,1,1,0
1512,590,1,0,-1,1,1,1
1513,201,8,0,-1,1,3,0
1514,233,2,0,-1,0,2,0
1515,1080,1,0,-1,1,5,0
1516,205,2,3,91,0,1,1
1517,300,8,0,-1,1,2,0
1518,164,8,0,-1,1,1,0
1519,102,1,5,178,1,2,0
1520,532,2,0,-1,0,2,0
1521,417,1,1,76,0,1,1
1522,341,3,0,-1,0,1,0
1523,10,8,0,-1,1,23,0
1524,181,7,1,317,1,1,0
1525,254,5,0,-1,0,2,1
1526,81,1,2,174,1,3,0
1527,579,1,1,295,1,2,1
1528,222,5,0,-1,0,2,0
1529,125,2,0,-1,1,2,0
1530,146,9,1,264,1,2,1
1531,806,1,0,-1,1,1,1
1532,160,5,0,-1,0,1,0
1533,20,7,0,-1,1,2,0
1534,157,1,0,-1,1,5,0
1535,750,1,0,-1,1,2,1
1537,288,2,0,-1,1,1,0
1538,366,10,0,-1,0,1,0
1539,318,9,1,388,0,1,1
1540,40,1,0,-1,1,5,0
1541,79,4,0,-1,0,4,0
1542,33,8,0,-1,0,1,0
1543,626,1,0,-1,1,6,0
1544,687,1,1,343,1,2,1
1545,467,5,0,-1,0,2,1
1546,186,5,0,-1,0,4,0
1547,730,6,4,157,1,1,1
1548,227,2,0,-1,1,1,0
1549,85,8,0,-1,0,3,0
1550,323,5,0,-1,0,1,1
1551,261,8,0,-1,0,4,1
1552,140,1,0,-1,1,2,0
1553,210,8,7,158,0,3,1
1554,440,6,1,280,0,1,1
1555,64,1,0,-1,0,1,0
1556,489,0,0,-1,0,1,0
1557,173,5,4,164,1,1,1
1558,245,4,0,-1,1,1,0
1559,253,1,0,-1,1,2,0
1560,692,0,3,247,0,2,0
1561,247,1,0,-1,1,1,0
1562,229,0,2,279,0,1,1
1563,425,4,1,462,0,1,0
1564,83,6,3,113,0,1,1
1565,70,1,0,-1,1,3,0
1566,315,5,1,83,0,1,0
1568,118,8,0,-1,0,5,0
1569,1130,8,0,-1,0,3,1
1570,606,5,1,196,0,1,1
1571,315,1,0,-1,1,3,0
1572,341,5,0,-1,0,5,1
1573,147,4,8,96,0,1,1
1574,134,5,0,-1,1,4,0
1575,304,5,0,-1,0,3,1
1576,191,1,5,347,1,2,0
1577,528,0,0,-1,0,3,0
1578,437,8,0,-1,1,2,0
1579,230,5,0,-1,0,3,0
1580,62,11,2,202,0,3,0
1581,68,1,0,-1,1,1,0
1582,92,1,4,342,1,1,0
1583,323,7,0,-1,0,1,1
1584,199,8,0,-1,1,1,0
1585,90,1,0,-1,1,1,0
1586,114,1,0,-1,1,3,0
1587,206,1,0,-1,1,1,0
1588,1971,9,0,-1,0,4,1
1589,363,5,0,-1,0,7,1
1590,506,3,0,-1,1,2,1
1591,597,1,0,-1,0,1,1
1592,236,7,0,-1,1,1,0
1593,16,1,0,-1,0,25,0
1594,759,10,5,90,0,1,1
1595,124,1,0,-1,0,1,1
1596,864,8,0,-1,0,4,1
1597,92,9,0,-1,0,2,1
1598,400,1,0,-1,1,2,0
1599,111,9,2,98,1,5,0
1600,232,11,0,-1,0,1,1
1601,97,8,0,-1,0,3,0
1602,177,7,0,-1,1,2,1
1603,239,5,0,-1,0,3,0
1604,166,1,0,-1,1,1,0
1605,124,2,0,-1,1,2,0
1606,95,4,0,-1,1,2,0
1607,49,8,0,-1,1,5,0
1608,982,1,0,-1,1,1,0
1609,24,1,0,-1,1,1,0
1610,131,1,0,-1,1,2,0
1611,33,1,0,-1,0,6,0
1612,163,4,3,113,1,2,0
1613,610,8,0,-1,1,1,1
1614,138,2,0,-1,0,9,0
1615,1473,0,0,-1,0,1,1
1616,306,1,0,-1,1,1,0
1617,169,7,3,316,1,1,0
1618,374,2,2,179,0,1,1
1619,129,5,0,-1,0,4,0
1620,626,5,0,-1,1,3,1
1621,275,1,1,307,1,2,0
1622,89,1,0,-1,1,3,0
1623,134,1,0,-1,1,3,0
1624,815,2,0,-1,1,1,1
1625,158,4,0,-1,0,1,0
1626,913,5,0,-1,0,4,1
1627,227,8,0,-1,1,1,0
1628,450,2,0,-1,1,2,0
1629,161,1,0,-1,1,1,0
1630,266,4,3,92,1,2,1
1631,313,1,0,-1,1,1,0
1632,616,8,0,-1,1,13,1
1633,107,2,0,-1,0,3,1
1634,229,1,1,294,1,2,0
1635,407,2,1,92,1,1,1
1636,554,5,0,-1,0,6,0
1637,449,2,0,-1,0,1,1
1638,9,2,0,-1,1,7,0
1639,247,5,0,-1,0,4,0
1640,368,3,0,-1,1,1,1
1641,663,1,0,-1,1,1,1
1642,326,8,0,-1,1,1,0
1643,1013,8,0,-1,1,29,1
1644,1363,1,0,-1,1,2,1
1645,133,7,0,-1,1,2,1
1646,474,4,0,-1,0,2,0
1647,171,7,0,-1,0,1,0
1648,553,1,0,-1,1,3,1
1649,204,9,1,182,0,4,1
1650,173,1,0,-1,0,1,0
1651,268,1,0,-1,0,3,1
1652,91,0,1,2,0,1,0
1653,107,2,0,-1,1,19,0
1654,8,9,9,248,1,7,0
1655,381,5,0,-1,0,3,0
1658,302,2,0,-1,1,2,0
1659,144,8,0,-1,0,2,0
1660,314,1,0,-1,1,2,1
1661,317,1,0,-1,1,1,1
1662,170,1,1,366,0,1,0
1663,205,2,0,-1,1,3,0
1664,703,5,0,-1,1,2,1
1665,166,8,0,-1,0,1,0
1666,28,8,0,-1,0,1,0
1667,346,1,1,368,1,1,0
1668,838,8,0,-1,1,3,1
1669,717,1,0,-1,0,1,0
1670,697,5,0,-1,0,4,1
1671,136,3,1,203,0,2,1
1672,199,8,0,-1,0,1,0
1673,219,1,0,-1,1,1,0
1674,160,7,0,-1,1,1,1
1675,201,1,0,-1,1,2,0
1676,68,2,0,-1,1,4,0
1677,517,3,0,-1,0,1,1
1678,337,2,0,-1,1,2,0
1679,292,8,2,183,0,1,1
1680,214,4,0,-1,1,1,0
1681,797,5,0,-1,0,2,1
1682,121,4,1,123,1,1,0
1683,84,9,0,-1,1,1,0
1684,62,1,0,-1,1,2,0
1685,215,5,0,-1,0,1,0
1686,554,1,0,-1,0,2,1
1687,223,2,0,-1,1,1,0
1689,1451,0,0,-1,0,2,1
1690,243,2,2,285,0,5,1
1692,112,2,0,-1,0,3,0
1693,81,5,0,-1,0,2,0
1694,215,8,0,-1,0,1,0
1695,138,9,3,184,0,2,1
1697,138,8,4,178,0,2,1
1698,835,4,0,-1,1,1,1
1699,432,1,0,-1,1,2,0
1700,256,8,1,439,0,3,1
1701,344,1,1,88,0,2,1
1702,29,1,0,-1,1,1,0
1703,396,11,0,-1,0,1,0
1704,122,1,0,-1,1,5,0
1705,503,0,18,224,1,2,0
1706,218,1,0,-1,1,1,0
1707,113,2,0,-1,0,1,0
1709,452,2,0,-1,0,1,1
1710,15,9,0,-1,0,5,0
1711,92,2,0,-1,0,1,0
1712,444,1,0,-1,1,1,0
1713,215,10,2,78,0,2,1
1714,73,1,0,-1,1,1,0
1715,492,6,5,102,0,3,1
1716,234,10,0,-1,1,1,1
1717,239,9,0,-1,0,1,1
1718,176,2,0,-1,1,4,0
1719,1044,1,0,-1,1,5,1
1720,59,1,0,-1,1,1,0
1721,68,1,1,371,1,2,0
1722,187,3,2,178,0,1,1
1723,69,1,0,-1,1,5,0
1724,112,2,0,-1,0,2,0
1725,162,1,0,-1,1,1,0
1726,45,9,13,265,1,5,0
1727,423,1,0,-1,1,1,0
1728,620,1,0,-1,1,3,1
1729,808,2,0,-1,0,2,1
1730,92,4,0,-1,0,3,0
1731,149,4,0,-1,0,1,1
1732,228,1,0,-1,1,1,0
1733,48,4,1,137,0,1,0
1734,2201,8,0,-1,0,1,0
1735,181,9,0,-1,0,3,1
1736,130,0,2,2,1,2,0
1737,112,5,0,-1,0,4,0
1738,1980,1,0,-1,1,2,1
1739,1341,8,0,-1,0,7,1
1740,1175,8,0,-1,1,2,1
1741,208,1,0,-1,0,1,0
1742,155,4,2,97,1,1,0
1743,145,4,0,-1,0,5,0
1744,133,10,3,160,0,3,0
1745,1176,10,6,92,0,3,1
1746,219,3,6,91,0,1,1
1747,442,1,0,-1,1,1,1
1748,294,8,0,-1,1,3,0
1749,20,5,0,-1,0,23,0
1750,314,5,0,-1,0,4,0
1751,438,5,3,184,0,1,1
1752,7,9,0,-1,0,10,0
1753,1407,2,0,-1,0,1,1
1754,145,1,0,-1,1,3,0
1755,23,1,0,-1,1,5,0
1757,862,1,1,337,1,3,1
1758,206,1,0,-1,1,2,0
1759,177,1,0,-1,1,1,0
1760,851,1,0,-1,1,2,0
1761,159,2,0,-1,1,4,0
1762,56,1,0,-1,1,1,0
1763,317,1,5,352,1,1,0
1764,491,10,3,182,0,1,1
1765,1087,2,0,-1,0,1,1
1766,754,1,0,-1,1,1,1
1767,260,9,0,-1,0,6,0
1768,199,8,0,-1,0,7,0
1769,127,9,5,5,0,3,0
1770,489,1,1,182,0,1,1
1771,287,9,1,130,0,1,0
1772,382,9,6,185,0,4,1
1773,707,7,2,149,1,1,0
1774,48,0,0,-1,0,1,0
1775,323,3,0,-1,0,1,1
1776,111,2,0,-1,0,3,0
1777,98,1,0,-1,1,3,0
1778,452,1,1,345,1,1,0
1779,462,4,0,-1,0,2,1
1780,289,1,5,91,0,1,1
1781,310,8,0,-1,1,1,0
1782,1205,1,0,-1,1,1,1
1784,297,7,0,-1,1,1,0
1785,114,8,0,-1,1,2,0
1786,311,1,0,-1,0,1,0
1787,161,4,2,209,1,1,1
1788,215,1,0,-1,1,2,0
1789,437,1,1,345,1,4,0
1790,317,2,0,-1,0,1,0
1791,372,0,2,196,0,1,1
1792,1027,8,0,-1,0,1,0
1793,277,1,0,-1,1,1,0
1794,429,9,0,-1,0,2,0
1795,114,7,0,-1,1,2,1
1796,10,1,0,-1,1,8,0
1797,163,2,3,92,0,2,1
1798,1635,9,0,-1,0,1,1
1799,612,1,2,177,1,1,0
1800,233,7,0,-1,0,1,1
1801,402,0,2,2,1,2,0
1802,542,1,0,-1,1,1,1
1803,224,2,0,-1,1,2,1
1804,94,1,2,112,0,2,0
1805,112,9,0,-1,0,8,1
1806,169,4,0,-1,0,1,1
1807,282,5,0,-1,0,1,1
1808,560,2,0,-1,0,3,1
1809,62,1,5,354,1,1,0
1810,127,7,0,-1,0,1,1
1812,173,1,4,279,0,3,1
1813,21,2,0,-1,1,17,0
1814,212,8,0,-1,0,2,0
1815,56,4,0,-1,1,1,0
1816,506,3,1,195,0,2,1
1817,22,4,0,-1,0,5,0
1818,211,1,1,173,1,2,0
1819,1550,7,0,-1,1,1,1
1820,430,7,0,-1,1,1,0
1821,273,5,3,90,1,1,1
1823,812,1,0,-1,1,3,1
1824,50,9,0,-1,0,1,0
1825,54,5,0,-1,0,4,0
1826,574,8,0,-1,0,1,1
1827,444,7,0,-1,0,1,1
1828,43,1,0,-1,1,1,0
1829,166,4,0,-1,1,1,0
1830,1092,5,0,-1,0,1,1
1831,361,4,1,189,1,2,0
1833,131,1,0,-1,1,1,0
1835,67,5,0,-1,0,2,0
1836,239,1,0,-1,1,1,0
1837,965,4,0,-1,0,2,1
1838,1349,1,0,-1,1,8,1
1839,166,7,1,376,0,1,0
1840,332,8,3,440,1,3,1
1841,166,1,1,285,1,2,0
1842,493,4,0,-1,1,1,0
1843,47,5,0,-1,0,1,0
1844,315,2,0,-1,0,2,0
1845,558,1,0,-1,1,3,0
1846,221,5,2,99,1,1,1
1847,70,0,0,-1,1,1,0
1848,198,1,0,-1,1,1,0
1849,228,1,0,-1,0,1,0
1850,259,2,0,-1,0,2,1
1851,214,1,0,-1,1,2,0
1852,494,4,0,-1,0,1,1
1853,445,1,0,-1,1,2,0
1854,91,6,0,-1,0,2,0
1855,72,2,0,-1,1,6,0
1856,347,1,0,-1,1,1,1
1857,275,7,1,318,1,1,0
1858,117,6,1,121,0,1,1
1859,361,2,0,-1,0,1,0
1860,439,5,0,-1,0,4,1
1861,197,5,2,118,0,2,0
1862,333,1,0,-1,1,2,0
1863,326,1,0,-1,1,4,0
1864,968,0,0,-1,0,2,1
1865,362,1,0,-1,0,2,0
1866,210,7,0,-1,1,1,1
1867,52,1,0,-1,1,2,0
1868,68,2,0,-1,1,1,0
1869,111,5,0,-1,0,2,0
1870,477,5,0,-1,1,2,1
1871,223,1,1,94,0,1,1
1872,344,4,2,95,0,2,1
1874,390,0,1,93,0,4,1
1875,419,9,1,183,0,2,1
1876,161,4,0,-1,1,7,0
1877,464,5,0,-1,1,5,0
1878,414,8,0,-1,0,2,1
1879,89,8,0,-1,0,1,0
1880,9,1,0,-1,1,5,0
1881,250,8,1,371,0,1,1
1882,244,4,0,-1,1,2,0
1883,44,8,0,-1,0,28,0
1884,706,8,0,-1,0,9,0
1885,348,1,0,-1,1,1,0
1886,247,5,0,-1,0,4,0
1888,110,1,4,89,0,1,0
1889,1227,5,0,-1,0,2,1
1890,284,11,1,171,0,1,1
1892,137,2,0,-1,0,2,0
1893,1200,8,0,-1,0,1,0
1894,407,8,1,385,0,1,1
1896,172,9,0,-1,0,1,1
1897,44,4,1,182,1,4,0
1898,1011,8,0,-1,1,1,0
1899,1017,8,0,-1,1,6,1
1900,977,4,0,-1,0,3,1
1901,245,8,0,-1,1,1,0
1902,151,7,0,-1,1,1,0
1903,34,1,5,347,1,12,0
1904,66,2,0,-1,0,1,0
1905,491,8,0,-1,1,3,1
1906,408,4,1,117,0,1,0
1907,399,0,0,-1,0,3,1
1908,904,7,0,-1,1,2,1
1909,754,2,0,-1,0,3,0
1910,128,8,0,-1,1,2,0
1911,7,1,0,-1,1,5,0
1912,792,1,0,-1,1,3,1
1914,369,10,3,690,1,2,1
1915,758,7,5,160,0,2,1
1916,137,9,4,187,0,1,1
1917,121,9,2,254,1,3,0
1918,339,2,0,-1,0,1,1
1919,1241,5,0,-1,0,3,0
1920,113,1,2,337,1,1,0
1921,116,9,3,273,1,1,0
1922,422,1,0,-1,1,4,0
1923,75,1,0,-1,1,8,0
1924,40,4,0,-1,0,1,0
1925,150,5,2,97,0,1,1
1926,187,2,0,-1,0,3,0
1927,424,4,1,182,1,2,1
1928,259,8,0,-1,0,3,0
1929,116,9,2,230,0,2,0
1930,77,8,0,-1,0,3,0
1931,202,7,1,280,1,2,0
1932,137,6,0,-1,1,1,1
1933,161,7,2,316,1,1,0
1934,474,8,0,-1,1,2,1
1935,207,5,0,-1,0,2,0
1936,66,1,0,-1,1,3,0
1937,193,1,3,87,0,1,1
1938,217,4,0,-1,1,1,0
1939,136,0,0,-1,1,1,0
1940,325,1,0,-1,1,3,0
1941,199,2,0,-1,1,1,0
1942,583,1,6,53,1,6,1
1943,196,4,0,-1,1,1,0
1944,142,4,0,-1,1,1,0
1945,638,8,0,-1,0,2,1
1946,187,1,0,-1,1,1,0
1947,366,2,0,-1,0,1,1
1948,242,9,0,-1,0,1,0
1949,58,0,0,-1,1,1,0
1950,71,8,0,-1,1,5,0
1951,209,6,0,-1,0,1,1
1952,348,0,0,-1,0,2,1
1953,55,1,0,-1,1,1,0
1954,639,9,1,189,0,1,1
1955,129,9,0,-1,0,1,0
1956,466,2,0,-1,1,2,0
1957,262,1,0,-1,1,2,0
1958,353,1,0,-1,0,3,1
1959,305,6,1,842,1,2,1
1960,225,0,0,-1,0,1,0
1961,214,7,0,-1,0,1,1
1962,57,1,3,332,1,2,0
1963,276,8,0,-1,0,2,1
1964,24,5,0,-1,0,17,0
1965,37,5,0,-1,0,4,0
1966,669,1,4,355,1,1,1
1967,918,1,0,-1,1,1,0
1968,384,7,0,-1,0,2,1
1969,220,6,3,184,0,2,1
1970,593,3,6,90,0,4,1
1972,251,2,0,-1,0,1,1
1973,391,1,0,-1,1,1,1
1974,1689,1,0,-1,1,4,1
1975,1344,5,0,-1,1,1,1
1976,254,1,0,-1,1,1,0
1977,82,1,0,-1,1,1,0
1978,141,8,0,-1,0,3,0
1980,168,2,0,-1,0,2,0
1981,125,1,0,-1,1,2,0
1982,218,5,2,93,0,3,1
1983,311,1,0,-1,1,5,0
1984,762,1,0,-1,1,3,1
1985,501,9,0,-1,0,2,1
1986,181,2,0,-1,0,1,0
1987,174,2,2,81,0,1,1
1988,42,4,2,188,1,2,0
1989,645,0,0,-1,0,4,0
1990,19,10,0,-1,0,1,0
1991,530,4,0,-1,0,1,1
1992,1368,8,0,-1,0,2,0
1993,18,9,0,-1,1,6,0
1994,122,5,0,-1,0,2,0
1995,1790,9,0,-1,0,2,1
1996,226,9,0,-1,0,7,1
1997,53,4,0,-1,1,1,0
1998,122,1,4,357,1,3,0
1999,14,2,0,-1,0,2,0
2000,170,1,11,346,1,2,0
2001,193,2,0,-1,0,3,0
2002,390,1,0,-1,1,5,1
2003,504,9,0,-1,0,1,0
2004,139,1,0,-1,0,2,0
2005,471,8,0,-1,0,2,1
2006,551,5,0,-1,0,4,0
2007,1467,1,0,-1,0,1,1
2008,636,7,0,-1,1,3,1
2010,80,4,2,165,1,2,0
2011,460,1,0,-1,1,5,1
2012,96,10,0,-1,0,1,0
2013,51,4,6,154,1,2,0
2014,382,1,7,89,0,1,1
2015,333,8,0,-1,0,2,0
2016,176,1,0,-1,1,2,0
2017,258,5,0,-1,1,2,0
2018,55,1,0,-1,0,2,0
2019,228,0,3,262,1,2,0
2020,35,2,0,-1,0,2,0
2021,925,6,2,104,0,1,1
2022,261,1,0,-1,0,1,0
2023,208,8,0,-1,1,1,0
2024,1359,8,0,-1,1,6,1
2025,53,7,0,-1,1,1,0
2026,73,5,2,112,1,1,0
2027,112,8,0,-1,1,1,0
2028,498,2,0,-1,0,2,1
2029,1031,8,0,-1,1,8,1
2030,166,11,3,126,0,3,1
2031,379,9,2,93,0,5,1
2032,112,8,0,-1,0,3,0
2034,245,1,0,-1,1,2,0
2035,135,4,2,94,0,1,1
2036,528,9,0,-1,0,3,1
2037,132,0,0,-1,0,2,0
2038,658,9,0,-1,0,3,1
2039,343,11,0,-1,0,2,1
2040,1196,7,0,-1,1,1,1
2041,212,3,0,-1,0,1,1
2042,184,1,2,334,1,1,0
2043,187,2,0,-1,0,2,0
2044,554,7,2,304,0,1,1
2045,732,1,0,-1,1,2,1
2046,209,8,0,-1,0,4,0
2047,618,3,0,-1,0,1,0
2048,1877,5,0,-1,0,3,1
2049,169,8,0,-1,0,6,0
2050,193,8,0,-1,1,2,0
2051,108,1,0,-1,1,3,0
2052,3025,0,0,-1,0,2,0
2053,215,4,4,93,0,1,0
2054,239,5,0,-1,0,4,1
2055,496,1,3,343,1,1,0
2056,707,5,0,-1,0,2,1
2057,732,1,5,291,1,2,1
2058,252,5,0,-1,0,1,0
2059,303,5,4,92,0,2,1
2060,94,8,0,-1,1,4,0
2061,421,1,2,92,0,1,1
2062,251,8,0,-1,1,3,0
2063,771,2,0,-1,0,2,1
2064,791,1,0,-1,1,2,1
2065,722,8,0,-1,0,3,1
2066,310,5,0,-1,0,2,0
2067,472,11,0,-1,0,1,1
2068,456,1,1,364,1,2,0
2069,92,1,2,250,1,2,0
2070,198,1,0,-1,0,1,0
2071,188,5,5,100,0,3,1
2072,97,4,0,-1,1,2,0
2073,339,8,0,-1,1,10,0
2074,60,5,0,-1,0,2,0
2075,146,11,1,218,1,2,0
2076,261,1,0,-1,1,3,0
2077,134,5,0,-1,0,1,0
2078,788,1,0,-1,1,11,1
2079,743,7,0,-1,1,1,0
2080,1112,7,0,-1,1,3,1
2081,42,8,0,-1,1,1,0
2082,117,5,0,-1,0,1,0
2083,100,6,0,-1,1,2,1
2084,22,1,0,-1,1,4,0
2085,233,2,1,348,0,1,0
2086,363,4,0,-1,0,2,0
2087,174,1,0,-1,1,3,0
2088,70,1,0,-1,1,6,0
2089,84,1,0,-1,0,22,0
2090,851,5,0,-1,0,8,1
2091,288,8,0,-1,0,2,0
2092,90,1,0,-1,1,1,0
2093,100,5,0,-1,0,6,0
2094,150,5,3,79,1,1,0
2095,471,5,0,-1,0,8,0
2097,106,8,0,-1,1,1,0
2098,506,1,0,-1,1,2,1
2099,8,9,0,-1,1,7,0
2100,163,2,1,84,0,2,1
2101,10,1,7,360,1,7,0
2102,159,1,0,-1,0,3,0
2103,239,2,4,95,0,2,1
2104,662,1,2,66,0,2,1
2105,28,1,5,289,1,2,0
2106,251,8,0,-1,1,2,0
2107,392,1,3,91,1,2,1
2108,211,1,1,347,1,2,0
2109,181,10,1,185,0,1,1
2110,169,1,0,-1,0,2,0
2111,187,2,1,20,1,1,1
2112,256,4,3,92,0,2,1
2113,135,1,0,-1,1,1,0
2114,160,1,0,-1,1,2,0
2116,84,1,3,169,1,2,0
2117,154,10,0,-1,1,1,1
2118,430,9,0,-1,0,1,1
2119,1143,1,0,-1,1,3,1
2120,206,1,0,-1,1,1,0
2121,777,2,0,-1,1,4,1
2122,291,5,4,95,0,2,1
2123,216,6,0,-1,0,1,1
2124,279,1,0,-1,0,2,0
2125,21,1,0,-1,1,3,0
2126,159,5,0,-1,0,2,0
2127,317,2,0,-1,1,6,0
2128,133,8,0,-1,1,2,0
2129,590,2,0,-1,1,3,1
2130,136,0,0,-1,1,1,0
2131,1500,1,0,-1,1,2,1
2132,263,4,1,90,0,1,1
2133,728,8,0,-1,1,6,0
2134,12,5,0,-1,0,15,0
2135,202,7,1,318,1,3,0
2136,68,1,0,-1,1,1,0
2137,207,9,0,-1,0,1,0
2138,367,4,0,-1,1,8,0
2139,48,4,0,-1,0,3,0
2141,66,1,1,359,1,1,0
2142,991,8,0,-1,1,5,1
2143,59,5,0,-1,0,2,0
2144,32,1,3,308,1,8,0
2145,87,9,3,265,1,2,0
2146,17,1,0,-1,1,1,0
2147,287,9,0,-1,0,6,0
2148,282,2,0,-1,0,4,0
2149,605,2,0,-1,1,6,1
2150,406,2,0,-1,1,2,0
2151,421,9,0,-1,0,1,0
2152,278,4,0,-1,1,3,0
2153,154,9,6,197,1,2,0
2154,857,8,0,-1,1,4,1
2155,463,10,6,95,0,3,1
2156,265,1,0,-1,1,1,0
2157,216,1,0,-1,1,1,0
2158,42,2,0,-1,1,1,0
2159,110,5,0,-1,0,5,0
2160,902,1,0,-1,1,1,1
2161,346,1,0,-1,1,1,0
2162,599,1,0,-1,1,2,0
2163,164,5,0,-1,1,7,0
2164,946,8,0,-1,1,3,1
2165,391,0,1,241,1,1,0
2166,312,1,0,-1,1,3,0
2167,93,1,3,168,1,4,0
2168,702,8,0,-1,1,5,0
2170,151,1,0,-1,1,1,0
2171,230,9,0,-1,0,2,1
2173,1272,8,0,-1,1,1,0
2174,241,4,0,-1,0,1,1
2175,61,4,0,-1,1,1,0
2176,121,5,0,-1,0,2,0
2177,81,8,0,-1,0,5,0
2178,101,8,0,-1,1,14,0
2179,105,1,0,-1,1,1,0
2181,559,4,2,169,1,1,0
2182,106,1,4,368,1,1,0
2183,170,7,0,-1,0,3,1
2184,211,6,7,216,1,1,1
2185,141,1,0,-1,1,9,0
2186,203,5,0,-1,0,2,0
2187,326,1,0,-1,1,1,0
2188,182,2,0,-1,0,1,1
2189,1026,0,2,259,1,1,0
2190,70,5,0,-1,0,2,0
2191,133,7,2,183,0,8,1
2192,187,3,1,322,0,3,1
2193,465,5,0,-1,0,1,0
2194,292,1,0,-1,0,3,1
2195,13,9,0,-1,1,5,0
2196,442,1,8,266,1,1,1
2197,257,8,0,-1,0,2,0
2198,270,4,0,-1,1,1,1
2199,537,4,0,-1,0,1,1
2200,114,8,0,-1,1,7,0
2201,195,4,8,112,1,3,0
2202,333,1,0,-1,0,1,0
2203,164,1,0,-1,1,2,0
2204,133,7,0,-1,0,1,1
2205,696,4,0,-1,0,2,1
2206,1543,2,0,-1,0,1,1
2207,108,7,0,-1,0,1,1
2208,75,4,0,-1,0,3,0
2209,1499,8,0,-1,0,3,1
2210,820,1,0,-1,0,1,1
2211,1622,1,0,-1,1,2,1
2212,402,5,0,-1,0,2,0
2213,441,8,0,-1,0,5,1
2214,401,9,1,272,1,2,0
2215,296,3,0,-1,0,2,1
2216,220,5,0,-1,0,1,1
2217,155,11,3,120,0,1,1
2218,437,7,1,264,0,1,0
2219,74,2,1,120,0,1,1
2220,101,2,19,94,1,3,0
2221,426,7,3,179,0,2,1
2222,800,6,3,102,0,2,1
2223,437,7,1,80,0,1,1
2224,128,9,0,-1,0,3,1
2225,1035,4,0,-1,0,1,1
2226,557,7,0,-1,1,1,0
2227,442,2,0,-1,0,1,0
2228,182,0,0,-1,1,3,0
2229,50,4,2,183,1,1,0
2230,322,2,0,-1,0,1,0
2231,170,2,0,-1,1,3,0
2232,414,1,4,35,1,2,1
2233,84,5,0,-1,0,2,0
2234,265,2,0,-1,1,3,0
2235,290,10,0,-1,0,2,1
2236,11,4,0,-1,1,2,0
2237,118,1,0,-1,1,3,0
2238,28,5,0,-1,1,20,0
2239,246,1,1,343,1,1,0
2240,136,1,0,-1,1,2,0
2241,189,10,0,-1,0,3,1
2242,339,0,0,-1,0,3,0
2243,453,7,0,-1,1,1,1
2244,78,3,1,91,0,2,0
2245,466,4,0,-1,0,1,0
2246,208,1,0,-1,1,5,0
2247,104,0,0,-1,0,2,0
2249,765,5,5,183,1,2,1
2250,229,3,1,182,0,1,1
2251,546,11,0,-1,0,2,1
2252,129,2,0,-1,0,1,0
2253,558,8,0,-1,0,6,0
2254,176,5,0,-1,0,3,0
2255,154,8,0,-1,0,2,0
2256,180,4,2,111,0,1,0
2257,415,5,3,186,0,5,1
2258,428,8,0,-1,1,1,0
2259,544,7,2,333,1,3,0
2260,247,1,0,-1,1,3,0
2261,264,10,0,-1,0,1,1
2262,394,4,2,390,0,1,1
2263,86,1,2,366,1,1,0
2264,380,2,0,-1,1,1,1
2265,202,0,3,83,0,1,1
2266,294,5,2,98,0,3,1
2267,618,7,0,-1,0,2,1
2268,166,1,0,-1,1,5,0
2269,832,1,3,367,1,1,1
2270,85,8,0,-1,1,1,0
2271,287,4,2,117,1,3,0
2273,611,1,0,-1,1,5,1
2274,766,8,0,-1,1,3,1
2275,257,8,7,85,0,1,0
2277,320,1,0,-1,0,1,0
2278,85,2,0,-1,0,3,0
2279,522,4,1,174,1,1,1
2280,273,1,0,-1,1,1,0
2282,391,8,0,-1,0,1,0
2283,89,5,0,-1,1,2,0
2284,70,8,0,-1,1,1,0
2286,367,5,0,-1,1,4,0
2288,112,8,0,-1,0,6,0
2289,150,1,0,-1,1,1,0
2290,289,1,0,-1,1,1,1
2291,134,4,0,-1,1,1,0
2292,162,5,0,-1,0,3,0
2293,281,9,0,-1,0,1,1
2294,99,8,0,-1,1,2,0
2295,67,8,0,-1,1,1,0
2296,627,8,0,-1,1,1,1
2297,109,1,2,360,1,1,0
2298,868,5,4,342,0,3,1
2299,345,2,3,94,0,1,1
2300,181,1,0,-1,1,2,0
2301,1156,1,0,-1,1,2,1
2302,320,5,2,101,0,2,1
2303,716,4,3,110,0,2,1
2304,299,5,0,-1,0,2,0
2305,1161,2,2,97,0,1,1
2306,562,3,2,181,0,3,1
2307,301,3,2,89,0,1,1
2308,225,8,0,-1,0,2,0
2309,863,1,0,-1,1,3,1
2310,676,1,0,-1,1,3,0
2311,305,9,3,94,0,2,1
2312,88,2,0,-1,0,2,0
2313,97,7,0,-1,0,1,1
2315,76,5,0,-1,0,2,0
2316,419,8,0,-1,0,2,0
2317,140,6,0,-1,0,2,1
2318,70,1,0,-1,1,1,0
2319,89,5,0,-1,0,23,0
2320,69,8,0,-1,1,2,0
2321,1090,1,0,-1,1,1,1
2322,101,1,0,-1,1,2,0
2323,165,1,5,371,0,4,0
2324,410,11,2,165,0,3,1
2325,102,1,0,-1,1,3,0
2326,133,1,0,-1,1,2,0
2327,192,4,0,-1,1,9,0
2328,355,1,0,-1,1,1,0
2330,126,9,0,-1,1,1,0
2331,379,2,0,-1,0,1,0
2332,679,0,0,-1,0,1,0
2333,523,7,0,-1,0,2,1
2334,153,6,2,104,0,1,1
2335,209,1,0,-1,1,1,0
2336,931,0,0,-1,0,1,1
2337,479,2,0,-1,0,1,1
2338,444,8,0,-1,0,3,1
2339,146,7,1,267,1,1,0
2340,445,5,0,-1,0,3,1
2342,149,4,0,-1,1,2,0
2344,136,4,1,167,0,1,0
2345,212,10,0,-1,0,2,1
2346,220,1,0,-1,1,1,0
2347,237,2,0,-1,1,2,0
2348,98,1,1,178,1,1,0
2349,143,2,0,-1,1,1,0
2350,815,8,0,-1,1,4,1
2351,185,9,0,-1,0,1,1
2352,156,2,0,-1,1,1,0
2353,323,1,3,345,1,3,0
2354,288,2,0,-1,0,2,0
2355,523,1,58,353,1,2,1
2356,174,2,1,80,0,2,1
2357,346,11,0,-1,0,1,1
2358,89,2,1,119,0,1,0
2359,174,1,0,-1,1,2,0
2360,594,7,0,-1,1,1,1
2361,55,0,3,195,1,1,0
2363,411,1,0,-1,1,1,0
2364,490,2,0,-1,1,12,0
2365,98,1,0,-1,0,1,0
2366,205,5,0,-1,0,7,0
2367,205,8,0,-1,0,1,1
2368,123,1,0,-1,1,4,0
2369,243,7,0,-1,0,1,0
2370,221,1,3,169,1,1,0
2371,602,0,0,-1,1,2,0
2372,337,9,2,95,0,1,1
2373,183,4,2,168,1,1,0
2374,762,1,2,182,0,1,1
2375,452,7,0,-1,0,1,1
2377,145,5,0,-1,0,10,0
2378,214,5,0,-1,1,5,0
2379,135,11,2,191,0,3,0
2381,1272,1,0,-1,1,1,1
2383,147,5,1,379,0,1,0
2384,372,2,0,-1,0,1,1
2385,302,9,0,-1,0,1,1
2386,337,6,1,186,0,1,1
2387,206,9,1,223,1,3,0
2388,246,7,0,-1,1,3,0
2389,176,9,0,-1,0,4,0
2390,300,3,2,182,1,6,1
2391,1319,8,0,-1,1,5,1
2393,268,7,0,-1,1,3,1
2394,85,1,0,-1,1,2,0
2395,18,5,0,-1,0,20,0
2396,189,1,1,186,0,1,1
2397,62,5,0,-1,0,2,0
2398,119,1,0,-1,1,5,0
2399,602,8,0,-1,0,4,0
2400,192,7,1,334,0,1,1
2401,137,10,0,-1,0,1,1
2402,109,4,0,-1,0,1,0
2403,1081,4,0,-1,1,2,1
2404,190,1,0,-1,1,1,0
2405,81,7,1,144,1,1,0
2406,1516,1,2,353,1,2,1
2407,528,7,0,-1,1,1,0
2408,118,1,0,-1,1,1,0
2409,371,5,0,-1,0,2,0
2410,257,10,0,-1,0,3,1
2411,160,8,0,-1,0,3,0
2412,835,2,0,-1,0,1,1
2413,919,8,0,-1,0,2,1
2414,105,1,0,-1,1,1,0
2415,781,8,0,-1,1,2,1
2416,655,1,4,175,1,3,1
2417,327,6,0,-1,0,1,1
2418,291,7,1,326,1,2,0
2419,289,5,0,-1,0,2,0
2420,592,2,8,50,1,3,1
2421,414,4,1,184,1,1,1
2422,633,4,0,-1,1,2,0
2423,390,1,0,-1,0,1,1
2424,142,1,0,-1,1,1,0
2425,287,4,0,-1,1,2,0
2426,829,8,0,-1,0,4,1
2427,574,7,1,150,1,1,1
2428,451,5,0,-1,1,6,0
2429,646,1,0,-1,1,3,1
2430,334,8,6,93,0,4,1
2432,73,5,0,-1,0,17,0
2433,270,8,0,-1,1,2,0
2434,298,6,0,-1,0,3,1
2435,1346,1,0,-1,0,1,1
2436,967,1,0,-1,1,6,1
2437,241,5,1,92,0,1,0
2438,68,1,0,-1,1,2,0
2439,249,7,0,-1,1,1,0
2440,827,1,0,-1,1,2,0
2441,202,9,0,-1,0,4,1
2442,94,5,0,-1,0,3,0
2443,122,1,0,-1,1,2,0
2444,389,4,2,172,1,1,0
2445,662,8,0,-1,1,1,1
2446,21,4,0,-1,1,1,0
2448,529,8,0,-1,0,1,1
2449,159,9,0,-1,0,1,1
2450,157,5,1,119,1,2,1
2451,562,4,0,-1,1,2,1
2452,187,4,0,-1,1,1,1
2453,103,4,0,-1,0,2,0
2454,1148,1,0,-1,1,1,1
2455,112,5,1,104,0,1,0
2456,319,2,0,-1,0,2,1
2457,282,1,5,347,1,5,0
2458,164,2,0,-1,1,2,0
2459,324,5,0,-1,0,4,0
2460,227,1,0,-1,0,1,0
2461,141,2,0,-1,1,4,0
2462,763,1,0,-1,1,1,1
2463,126,4,1,174,1,2,0
2464,186,9,1,97,0,2,1
2465,240,4,0,-1,0,3,0
2466,156,4,0,-1,1,4,0
2467,89,9,0,-1,0,2,0
2468,261,9,1,264,0,1,1
2469,33,1,4,367,1,2,0
2470,141,4,0,-1,1,4,0
2471,177,4,0,-1,1,2,0
2472,259,4,2,92,0,1,1
2473,920,1,0,-1,1,2,1
2474,120,9,0,-1,1,1,1
2475,510,8,0,-1,1,9,0
2476,751,1,0,-1,1,1,1
2477,470,4,0,-1,0,1,0
2478,106,1,0,-1,1,2,0
2479,697,5,0,-1,0,6,0
2480,293,1,0,-1,0,1,0
2481,266,2,3,318,0,2,1
2482,211,6,1,294,1,1,1
2483,196,11,2,197,0,2,1
2484,244,7,0,-1,0,1,1
2485,614,2,0,-1,0,2,1
2486,629,1,0,-1,1,2,1
2487,122,9,5,92,0,1,1
2488,366,0,0,-1,0,4,0
2489,387,6,0,-1,0,1,1
2490,572,9,7,238,1,2,1
2491,15,1,0,-1,1,3,0
2492,244,1,0,-1,1,1,0
2493,215,3,4,182,1,1,1
2494,191,1,0,-1,1,4,0
2495,626,9,0,-1,1,1,1
2496,213,9,1,251,1,1,0
2497,252,1,0,-1,1,1,0
2498,145,1,0,-1,1,4,0
2499,264,2,0,-1,1,1,1
2500,185,9,1,92,0,1,1
2501,133,8,0,-1,0,1,0
2502,98,8,0,-1,0,2,0
2503,151,1,0,-1,1,2,0
2504,1820,8,0,-1,0,4,0
2505,528,9,1,196,0,2,0
2506,393,1,0,-1,0,1,1
2507,204,4,1,196,1,2,0
2508,148,7,0,-1,0,1,1
2509,121,5,0,-1,0,2,0
2510,719,1,0,-1,1,1,1
2511,332,1,2,358,1,2,0
2513,189,5,0,-1,1,17,0
2514,322,1,0,-1,1,1,0
2515,1053,2,0,-1,0,2,1
2517,1649,8,0,-1,1,2,1
2518,313,0,3,120,0,1,1
2519,356,8,0,-1,1,2,0
2520,70,1,0,-1,0,1,0
2521,135,10,4,331,1,3,0
2522,461,5,0,-1,0,1,1
2523,511,10,1,187,0,3,1
2524,336,4,0,-1,0,1,0
2525,140,3,0,-1,0,10,0
2526,637,5,0,-1,0,2,1
2527,961,7,2,334,1,2,1
2528,153,1,0,-1,1,1,0
2529,131,10,0,-1,0,1,1
2530,897,8,0,-1,0,2,1
2531,745,1,3,174,1,1,1
2532,80,3,0,-1,0,4,1
2533,895,7,0,-1,1,1,1
2534,109,7,2,184,0,5,0
2535,123,7,0,-1,1,3,0
2536,177,4,1,174,1,2,0
2537,451,1,0,-1,1,3,0
2538,612,1,0,-1,1,1,1
2539,21,1,0,-1,1,2,0
2540,53,8,0,-1,0,6,0
2541,355,2,0,-1,1,1,0
2542,280,2,5,92,0,6,1
2543,896,5,0,-1,0,8,0
2544,101,5,0,-1,0,4,0
2545,445,1,0,-1,0,1,1
2546,72,1,0,-1,0,3,0
2547,117,4,0,-1,0,1,0
2548,466,1,0,-1,1,2,0
2549,216,2,0,-1,0,1,0
2550,515,1,5,350,1,1,1
2551,12,5,0,-1,1,21,0
2552,481,1,0,-1,1,1,0
2553,80,2,0,-1,1,3,0
2554,19,1,0,-1,1,2,0
2555,96,7,2,150,0,2,0
2556,111,2,0,-1,0,1,0
2557,439,9,0,-1,0,5,1
2558,1080,7,0,-1,1,1,1
2559,342,2,2,107,0,2,1
2560,292,1,0,-1,1,2,0
2561,103,1,0,-1,0,6,0
2562,254,5,0,-1,0,1,1
2563,691,7,0,-1,1,1,1
2564,287,8,1,415,1,2,1
2565,416,9,0,-1,1,2,1
2566,205,2,0,-1,0,2,0
2567,105,2,0,-1,0,1,0
2568,483,2,0,-1,0,1,0
2569,93,8,0,-1,0,3,0
2570,529,5,0,-1,0,1,1
2572,102,5,0,-1,0,8,0
2573,841,1,0,-1,0,4,1
2574,310,2,6,55,1,1,1
2575,272,8,0,-1,1,1,0
2576,255,6,2,93,0,1,1
2577,739,7,0,-1,0,1,1
2578,460,1,0,-1,1,1,0
2579,420,7,5,139,1,1,0
2580,153,10,1,93,0,1,1
2581,182,8,0,-1,1,6,0
2582,128,4,0,-1,1,5,0
2583,54,2,0,-1,0,1,0
2584,596,2,0,-1,0,1,1
2585,246,1,0,-1,1,2,0
2586,198,1,0,-1,1,1,0
2587,129,7,2,322,1,1,0
2588,71,1,0,-1,0,1,0
2589,504,4,0,-1,1,1,1
2590,39,2,0,-1,0,1,0
2591,1052,1,0,-1,1,1,1
2592,433,5,0,-1,0,5,0
2593,657,1,0,-1,1,5,0
2594,123,5,0,-1,0,2,0
2595,758,4,0,-1,1,1,1
2596,119,8,0,-1,0,7,0
2597,278,3,0,-1,0,2,1
2598,96,4,0,-1,1,1,0
2599,204,2,0,-1,1,4,0
2600,210,10,2,182,1,1,1
2601,135,5,5,113,0,1,0
2602,96,8,0,-1,1,1,0
2603,121,5,0,-1,0,2,0
2605,139,1,0,-1,1,3,0
2606,614,7,1,281,1,1,0
2607,57,1,0,-1,1,2,0
2608,151,8,0,-1,0,2,0
2609,323,9,0,-1,1,1,1
2610,52,1,1,91,1,4,0
2611,138,10,0,-1,0,1,1
2612,312,1,0,-1,1,7,0
2613,602,5,0,-1,0,9,0
2614,194,2,0,-1,1,1,1
2615,267,1,0,-1,0,6,1
2616,433,4,0,-1,1,1,0
2617,45,5,0,-1,0,6,0
2618,206,1,0,-1,1,4,0
2619,268,5,0,-1,1,8,1
2620,322,1,0,-1,1,1,0
2621,222,1,0,-1,1,4,0
2622,330,2,0,-1,0,1,0
2623,99,2,0,-1,0,3,0
2624,162,5,0,-1,0,4,0
2625,515,8,0,-1,1,1,0
2626,210,1,0,-1,1,2,0
2627,200,9,0,-1,0,1,0
2629,5,4,0,-1,1,3,0
2630,1121,0,3,205,0,2,0
2631,175,5,0,-1,0,1,0
2632,374,5,1,472,0,2,1
2633,55,1,4,298,1,2,0
2634,513,1,0,-1,0,9,1
2635,55,8,0,-1,0,5,0
2636,352,5,0,-1,0,2,1
2637,292,1,0,-1,1,8,0
2638,519,10,1,166,1,1,1
2639,20,7,0,-1,1,4,0
2641,133,1,0,-1,1,1,0
2643,728,1,0,-1,1,1,1
2644,424,10,1,515,1,1,1
2645,636,7,0,-1,1,2,1
2646,698,5,0,-1,0,2,1
2647,622,1,0,-1,1,3,1
2648,152,1,0,-1,1,1,0
2649,9,8,0,-1,0,1,0
2650,664,8,0,-1,1,8,1
2651,719,2,0,-1,0,13,0
2652,242,7,7,153,1,5,1
2654,521,9,0,-1,0,1,1
2655,538,2,0,-1,1,2,0
2657,201,3,0,-1,1,1,1
2658,388,8,0,-1,0,1,1
2659,142,1,0,-1,1,2,0
2660,157,1,0,-1,1,5,0
2661,241,3,0,-1,0,2,1
2662,190,1,0,-1,1,3,0
2663,70,1,0,-1,1,6,0
2664,306,5,3,457,0,1,1
2665,438,7,0,-1,0,1,1
2666,1806,1,3,287,1,2,1
2667,574,8,0,-1,0,2,1
2668,261,6,1,98,0,1,1
2669,528,1,0,-1,1,5,1
2670,31,8,0,-1,1,2,0
2671,232,9,1,181,0,1,1
2673,110,4,1,279,0,1,1
2674,889,8,0,-1,0,5,1
2675,111,9,1,208,1,2,0
2676,79,8,0,-1,0,15,0
2677,168,4,0,-1,0,2,0
2678,144,2,0,-1,0,6,0
2679,104,7,4,183,0,1,1
2680,152,1,0,-1,1,2,0
2681,125,8,0,-1,0,1,0
2682,332,1,0,-1,1,2,0
2683,21,1,0,-1,1,1,0
2684,329,2,0,-1,1,4,0
2685,912,1,0,-1,1,1,1
2688,1044,8,0,-1,1,3,1
2689,281,1,6,266,1,2,0
2690,103,2,1,95,1,2,1
2691,652,7,0,-1,0,2,1
2692,280,2,0,-1,0,1,0
2693,156,2,0,-1,1,1,0
2694,135,9,0,-1,1,2,0
2695,92,5,0,-1,0,4,0
2696,638,1,0,-1,1,2,1
2697,1130,9,2,251,1,3,1
2698,320,1,0,-1,1,1,0
2699,108,8,0,-1,0,2,0
2700,244,7,0,-1,1,3,0
2702,196,7,1,363,1,1,1
2703,747,1,0,-1,1,3,0
2704,488,1,0,-1,1,1,0
2705,9,5,0,-1,0,1,0
2706,92,0,0,-1,0,2,0
2707,109,2,0,-1,1,4,0
2708,62,1,0,-1,1,1,0
2709,401,1,0,-1,0,1,0
2710,102,1,0,-1,1,1,0
2711,394,2,0,-1,1,2,0
2712,288,2,0,-1,1,12,0
2713,255,1,0,-1,1,5,0
2714,305,1,0,-1,1,1,0
2715,459,2,3,109,1,1,1
2716,224,6,1,444,0,2,1
2717,444,2,0,-1,1,3,0
2718,91,2,0,-1,0,2,0
2719,257,5,3,474,1,1,1
2720,126,5,0,-1,0,2,0
2721,176,3,0,-1,0,1,1
2722,90,5,0,-1,0,4,0
2723,356,0,2,255,1,1,0
2724,288,10,0,-1,1,3,1
2725,533,8,0,-1,1,2,0
2726,75,9,5,200,1,3,1
2727,372,1,0,-1,1,3,0
2728,195,1,1,357,1,1,0
2729,154,4,1,189,1,3,0
2731,218,8,0,-1,1,4,0
2732,226,4,4,184,0,1,1
2733,151,1,0,-1,0,1,0
2734,232,1,0,-1,1,2,0
2735,787,1,0,-1,1,1,1
2736,211,4,2,151,0,2,0
2737,290,1,0,-1,1,3,0
2739,22,8,0,-1,0,3,0
2740,131,10,0,-1,0,1,1
2741,107,4,3,105,0,1,0
2742,460,5,0,-1,0,5,0
2743,335,5,0,-1,0,1,1
2744,298,1,0,-1,1,2,0
2745,121,8,0,-1,1,2,0
2746,139,1,1,345,1,1,0
2747,241,3,5,181,0,1,1
2748,90,1,0,-1,1,1,0
2749,324,1,0,-1,1,1,0
2750,204,1,0,-1,1,2,0
2751,227,8,0,-1,0,7,0
2752,285,1,1,170,1,1,0
2753,159,1,1,111,0,1,0
2754,377,5,1,90,0,6,1
2755,86,2,0,-1,1,1,0
2756,40,5,0,-1,0,2,0
2757,734,5,0,-1,1,4,1
2758,86,0,1,189,1,1,0
2759,153,8,0,-1,1,2,0
2760,350,3,0,-1,0,3,1
2761,226,4,4,94,1,1,1
2762,343,5,1,397,0,2,1
2763,500,1,2,358,0,4,1
2764,421,2,0,-1,1,2,1
2765,98,0,1,307,0,1,0
2766,283,10,3,165,1,1,0
2767,93,0,0,-1,0,1,0
2768,394,1,0,-1,1,1,1
2769,175,8,0,-1,0,2,0
2770,66,8,0,-1,0,2,0
2771,306,7,0,-1,1,1,0
2772,582,4,0,-1,0,1,0
2773,560,8,0,-1,1,1,1
2774,133,2,0,-1,0,1,0
2775,260,8,0,-1,0,1,0
2776,630,5,0,-1,0,7,1
2777,242,10,2,48,0,1,1
2778,63,5,0,-1,0,8,0
2779,127,4,2,110,1,1,0
2780,164,1,0,-1,1,3,0
2781,1144,2,0,-1,1,2,1
2782,144,1,0,-1,1,3,0
2783,95,5,0,-1,0,2,0
2784,99,5,0,-1,1,13,0
2785,159,7,3,378,0,2,1
2786,142,1,0,-1,1,3,0
2787,153,5,2,1,1,3,1
2788,43,2,0,-1,0,1,0
2789,496,5,0,-1,0,2,1
2790,455,8,0,-1,0,1,1
2791,1293,5,0,-1,0,8,1
2792,191,4,0,-1,0,1,0
2793,103,2,0,-1,1,1,0
2794,291,1,5,202,0,2,1
2795,1098,2,0,-1,0,2,1
2796,567,8,3,182,0,1,1
2797,189,5,0,-1,1,2,0
2798,126,1,1,355,1,2,0
2799,246,6,3,184,0,1,1
2800,91,6,5,37,0,1,1
2801,104,8,0,-1,0,7,0
2802,262,1,0,-1,1,2,0
2803,277,8,0,-1,1,2,0
2804,270,4,0,-1,0,1,0
2805,503,5,0,-1,1,1,1
2806,225,1,0,-1,0,1,0
2807,642,4,0,-1,1,2,0
2808,401,5,0,-1,0,3,1
2809,281,9,0,-1,1,5,0
2810,211,1,0,-1,1,2,0
2811,209,5,0,-1,0,2,0
2812,82,3,0,-1,0,3,1
2813,542,1,0,-1,1,2,0
2814,131,0,3,127,1,1,0
2815,920,2,0,-1,1,1,1
2816,872,9,0,-1,1,1,1
2817,2015,8,0,-1,1,1,1
2818,134,8,0,-1,1,1,0
2819,250,8,1,182,0,2,0
2820,103,1,0,-1,0,1,0
2821,289,4,3,92,0,1,1
2822,5,10,0,-1,0,1,0
2823,530,1,0,-1,1,1,1
2824,103,1,0,-1,1,1,0
2825,169,2,0,-1,0,1,1
2826,209,1,0,-1,1,3,0
2827,79,2,0,-1,0,1,0
2828,383,10,2,503,1,2,1
2829,83,4,0,-1,1,4,0
2830,34,5,0,-1,0,1,1
2831,197,1,0,-1,1,2,0
2832,849,1,0,-1,1,2,0
2833,327,1,0,-1,1,3,0
2834,131,1,0,-1,1,1,0
2836,574,8,0,-1,0,2,1
2837,242,10,4,92,0,1,0
2838,224,4,0,-1,0,1,1
2839,240,1,0,-1,1,1,0
2841,150,7,0,-1,1,1,0
2842,1206,5,0,-1,0,4,1
2844,639,1,0,-1,1,2,1
2845,37,5,0,-1,1,3,0
2846,781,2,0,-1,0,1,1
2847,409,6,4,92,0,2,1
2848,893,4,0,-1,0,1,1
2849,642,1,0,-1,1,2,1
2850,606,8,0,-1,0,2,0
2851,623,4,1,175,1,1,1
2852,50,1,1,303,1,1,0
2853,398,8,2,460,0,2,1
2854,59,8,0,-1,0,1,0
2855,104,5,0,-1,1,4,0
2856,134,0,2,204,0,5,1
2857,722,4,2,175,1,3,0
2858,6,8,0,-1,0,16,0
2859,1842,5,0,-1,0,2,1
2860,125,1,0,-1,1,2,0
2861,830,7,0,-1,1,1,1
2862,101,4,0,-1,1,1,0
2863,175,10,1,197,0,1,1
2864,474,5,0,-1,0,1,1
2865,216,7,0,-1,1,1,0
2866,155,5,0,-1,1,4,0
2867,606,9,1,202,1,2,0
2868,158,5,1,102,1,1,0
2869,577,2,0,-1,1,2,1
2870,462,0,0,-1,0,2,0
2871,187,8,0,-1,1,1,0
2872,326,2,2,237,1,1,1
2873,395,2,0,-1,0,1,0
2874,223,7,0,-1,1,2,0
2875,154,1,8,356,1,2,0
2876,103,1,0,-1,1,2,0
2877,56,9,0,-1,0,1,0
2878,140,1,0,-1,1,5,0
2879,76,1,0,-1,1,2,0
2880,556,8,0,-1,1,5,1
2881,445,0,0,-1,0,2,0
2882,150,4,0,-1,1,1,1
2883,679,4,0,-1,0,1,0
2884,696,0,2,202,1,1,1
2885,735,8,0,-1,0,4,0
2887,89,9,0,-1,0,2,1
2888,175,5,0,-1,0,2,0
2889,985,1,0,-1,1,1,1
2890,1210,4,4,171,1,2,1
2891,416,5,0,-1,0,2,0
2892,167,5,0,-1,0,2,0
2893,340,2,0,-1,0,2,0
2894,330,4,0,-1,0,1,1
2895,146,2,0,-1,0,3,0
2896,1199,0,0,-1,0,2,1
2897,301,8,0,-1,1,7,0
2898,564,8,0,-1,0,5,0
2899,178,8,0,-1,0,1,0
2900,54,7,0,-1,1,1,0
2901,124,4,0,-1,1,1,0
2902,849,4,0,-1,1,1,1
2903,154,1,0,-1,1,2,0
2904,296,11,4,176,0,1,1
2905,301,7,0,-1,1,3,0
2906,323,8,2,163,0,2,1
2907,134,4,0,-1,0,1,1
2908,615,1,0,-1,1,1,0
2909,153,9,13,92,0,1,1
2910,144,2,0,-1,1,7,0
2911,215,8,0,-1,0,6,0
2912,137,9,0,-1,0,2,0
2913,104,5,0,-1,0,1,0
2914,164,2,0,-1,0,4,0
2915,260,8,1,65,0,2,1
2916,34,4,0,-1,1,1,0
2917,300,0,0,-1,0,1,0
2918,240,1,0,-1,1,1,0
2919,281,8,0,-1,0,3,0
2920,26,1,0,-1,1,1,0
2922,1063,1,0,-1,1,5,1
2923,121,9,0,-1,0,1,1
2924,205,1,0,-1,1,1,0
2925,193,4,0,-1,0,2,1
2926,788,8,0,-1,0,2,1
2927,1663,2,0,-1,1,1,1
2928,169,5,0,-1,0,5,0
2929,414,4,6,27,0,2,0
2930,499,3,0,-1,0,1,1
2931,550,1,0,-1,1,1,1
2932,234,10,2,175,1,2,1
2933,294,2,0,-1,0,1,1
2934,499,0,1,248,1,5,0
2935,280,4,0,-1,0,2,0
2936,587,8,0,-1,1,5,0
2937,1446,2,0,-1,0,1,1
2938,623,7,4,146,1,2,0
2939,206,11,2,196,0,2,1
2941,572,0,0,-1,1,1,0
2943,173,6,0,-1,0,1,1
2944,28,8,0,-1,1,25,0
2945,220,7,0,-1,1,6,0
2946,370,8,1,412,1,1,1
2947,173,1,0,-1,1,5,0
2948,275,1,2,370,1,1,0
2949,398,5,3,422,0,4,1
2950,876,8,0,-1,0,1,1
2951,239,1,0,-1,0,3,0
2952,96,1,5,295,1,2,0
2953,179,9,0,-1,1,3,0
2954,286,7,0,-1,1,1,0
2955,193,8,0,-1,1,1,0
2956,124,9,0,-1,0,1,0
2957,49,4,0,-1,0,3,0
2958,194,7,0,-1,0,1,1
2959,81,5,0,-1,0,2,0
2960,159,8,0,-1,1,2,0
2961,1127,8,0,-1,1,11,1
2962,588,1,0,-1,1,3,1
2963,370,7,0,-1,1,1,1
2964,93,1,0,-1,1,3,0
2965,178,4,0,-1,0,1,1
2966,431,2,0,-1,0,1,0
2967,199,6,14,92,1,1,1
2968,1092,5,0,-1,0,5,1
2969,649,10,0,-1,0,1,1
2970,475,4,0,-1,0,1,0
2971,800,1,0,-1,1,1,0
2972,159,3,0,-1,0,3,1
2973,291,5,0,-1,1,1,0
2974,839,1,1,188,1,2,1
2975,72,5,0,-1,0,1,0
2976,898,4,0,-1,1,1,1
2978,840,6,3,183,0,1,1
2979,164,4,0,-1,1,1,0
2980,58,4,4,122,1,1,0
2981,283,9,0,-1,0,1,0
2982,1353,7,2,138,1,2,1
2983,461,7,0,-1,0,1,1
2984,229,3,0,-1,0,1,1
2985,507,1,0,-1,1,1,0
2986,37,1,0,-1,1,1,0
2987,554,2,0,-1,0,1,1
2988,731,1,0,-1,1,3,1
2989,141,4,0,-1,1,1,0
2990,65,1,0,-1,1,1,0
2991,146,0,0,-1,1,1,0
2992,288,2,0,-1,0,1,0
2993,160,2,0,-1,0,3,0
2994,50,2,0,-1,1,3,0
2996,750,0,0,-1,0,1,1
2998,134,1,1,350,1,1,0
2999,194,8,0,-1,0,5,0
3000,520,5,0,-1,0,2,1
3001,17,1,0,-1,1,9,0
3002,383,2,0,-1,0,1,0
3003,115,8,0,-1,0,5,0
3004,735,1,0,-1,1,1,0
3005,229,5,0,-1,0,3,0
3006,172,1,0,-1,1,1,0
3007,656,8,0,-1,0,3,1
3008,355,8,0,-1,0,2,1
3009,110,2,0,-1,0,2,0
3010,114,8,0,-1,1,3,0
3011,146,5,2,286,0,1,1
3012,338,5,0,-1,0,1,1
3013,131,9,1,230,1,1,0
3014,188,3,0,-1,0,3,1
3015,347,4,2,189,0,4,1
3016,967,8,0,-1,0,3,1
3017,271,6,0,-1,0,1,1
3018,507,5,2,181,0,1,1
3019,558,7,0,-1,0,1,1
3020,194,8,1,88,0,2,1
3021,296,2,0,-1,0,5,1
3022,225,4,1,183,0,2,0
3023,192,2,0,-1,1,8,0
3024,96,1,0,-1,1,2,0
3025,1141,5,0,-1,0,4,1
3026,181,5,0,-1,0,2,0
3027,69,4,0,-1,0,3,1
3028,90,2,0,-1,1,2,0
3029,1730,1,0,-1,1,1,1
3030,170,5,0,-1,0,4,1
3031,78,5,4,79,1,1,0
3032,485,1,0,-1,1,1,0
3033,24,4,0,-1,1,1,0
3034,140,8,0,-1,0,1,0
3035,133,5,0,-1,0,11,0
3036,188,4,0,-1,1,1,0
3037,74,1,4,168,0,1,0
3038,5,8,0,-1,0,3,0
3039,780,5,0,-1,0,4,1
3040,220,9,4,246,1,1,0
3041,198,7,3,339,1,1,0
3042,614,8,0,-1,0,2,1
3043,461,7,0,-1,0,1,1
3044,252,7,0,-1,1,5,0
3045,1105,8,0,-1,0,2,1
3046,216,1,0,-1,1,1,0
3047,422,11,0,-1,0,2,1
3048,93,4,0,-1,0,1,0
3049,535,8,0,-1,0,1,0
3050,857,1,0,-1,1,1,1
3051,119,7,0,-1,1,2,0
3052,146,9,0,-1,0,3,1
3053,775,1,3,341,1,5,1
3054,259,7,0,-1,1,3,0
3055,115,9,0,-1,0,1,1
3057,332,5,0,-1,0,2,0
3059,136,8,0,-1,1,2,0
3060,562,9,10,183,0,2,1
3061,108,2,1,32,1,1,0
3063,95,8,0,-1,1,1,0
3064,283,4,2,189,1,2,0
3065,117,1,3,21,1,2,1
3066,254,8,0,-1,0,21,0
3067,48,4,5,154,0,7,0
3068,188,6,1,280,0,2,1
3069,236,8,0,-1,0,2,0
3070,149,8,0,-1,0,2,0
3071,193,1,0,-1,1,2,0
3072,106,3,0,-1,1,1,1
3073,12,2,0,-1,0,3,0
3074,109,1,8,359,1,1,0
3075,139,5,0,-1,0,2,0
3076,1063,7,0,-1,1,1,0
3077,1462,1,1,352,1,2,0
3078,133,1,0,-1,0,2,0
3079,270,5,0,-1,0,14,0
3080,294,1,0,-1,1,3,0
3081,251,4,2,183,1,1,0
3082,567,0,0,-1,0,3,0
3083,130,1,0,-1,1,4,0
3084,464,4,8,192,0,5,1
3085,215,3,0,-1,1,1,1
3086,251,1,0,-1,1,1,0
3087,181,7,2,270,1,2,0
3088,503,5,0,-1,0,2,0
3089,54,4,0,-1,0,1,0
3090,878,8,0,-1,0,2,1
3091,662,2,0,-1,1,2,1
3092,187,10,12,91,1,1,1
3093,151,0,1,189,0,1,0
3094,935,9,0,-1,0,1,1
3095,157,1,1,179,1,7,0
3096,128,7,0,-1,1,3,0
3097,345,1,0,-1,1,1,0
3098,255,5,0,-1,0,1,1
3099,633,5,2,182,0,1,1
3100,576,10,4,183,1,1,1
3101,344,10,1,183,0,1,1
3102,211,1,8,88,0,4,1
3103,338,0,0,-1,0,1,0
3105,311,2,0,-1,1,3,0
3106,265,4,0,-1,1,2,0
3107,233,2,0,-1,1,1,0
3109,405,7,0,-1,1,2,0
3110,41,9,0,-1,0,1,0
3111,63,1,2,354,1,3,0
3112,895,1,2,295,1,2,1
3113,2456,2,0,-1,1,2,1
3114,142,1,0,-1,1,10,0
3115,526,5,0,-1,1,2,1
3116,1057,1,1,355,1,6,1
3118,160,1,0,-1,1,1,0
3119,406,1,5,359,1,4,1
3120,178,1,0,-1,1,1,0
3121,17,8,0,-1,0,3,0
3122,656,1,0,-1,1,2,0
3124,114,1,0,-1,1,2,0
3125,255,5,0,-1,0,2,0
3126,352,5,2,102,1,2,0
3127,387,8,0,-1,1,4,0
3128,44,1,0,-1,0,1,0
3130,745,8,1,281,0,1,1
3131,156,8,0,-1,1,8,0
3132,211,5,0,-1,0,1,1
3134,43,8,0,-1,1,1,0
3135,121,2,0,-1,0,4,1
3136,423,8,0,-1,0,3,1
3137,385,6,2,769,0,3,1
3138,688,7,0,-1,1,2,1
3139,52,7,0,-1,1,1,0
3140,163,1,0,-1,1,2,0
3141,464,7,0,-1,0,4,1
3142,179,1,0,-1,1,2,0
3143,1244,5,0,-1,1,1,1
3144,216,0,4,91,0,1,1
3145,265,1,0,-1,1,2,0
3146,49,9,0,-1,0,1,0
3147,430,8,0,-1,0,2,0
3148,295,7,6,187,1,4,1
3149,146,2,0,-1,0,4,0
3150,1311,7,0,-1,1,2,1
3151,223,1,2,89,1,3,1
3153,485,2,4,227,1,2,1
3154,973,8,0,-1,1,3,1
3155,73,5,0,-1,0,2,0
3156,87,2,0,-1,1,3,0
3157,112,1,0,-1,1,2,0
3158,720,5,0,-1,0,2,1
3159,587,8,0,-1,0,3,1
3160,156,3,0,-1,1,1,1
3162,520,5,2,181,0,1,1
3163,240,4,0,-1,0,3,0
3164,1038,1,1,370,1,1,1
3165,84,8,0,-1,0,1,0
3166,78,5,0,-1,0,3,1
3167,192,10,1,95,0,1,1
3168,799,8,0,-1,1,2,1
3169,16,8,0,-1,1,43,0
3170,196,5,0,-1,0,2,0
3171,135,2,0,-1,0,3,0
3172,178,1,0,-1,1,5,0
3173,362,1,0,-1,1,5,0
3174,270,10,1,185,0,3,1
3175,108,1,0,-1,1,2,0
3176,262,8,0,-1,0,1,0
3177,102,8,0,-1,0,1,0
3178,105,9,2,96,1,1,0
3179,276,1,0,-1,1,1,0
3180,1540,4,0,-1,1,2,1
3181,125,1,0,-1,1,3,0
3182,457,10,0,-1,0,2,1
3183,262,2,0,-1,1,1,0
3184,315,5,0,-1,0,1,0
3185,67,4,0,-1,1,1,0
3186,199,1,1,354,1,2,0
3187,248,4,0,-1,0,1,1
3188,1272,8,0,-1,1,3,1
3189,400,7,0,-1,0,1,1
3190,815,7,1,87,0,1,1
3191,179,1,0,-1,1,2,0
3192,114,4,3,170,1,1,1
3193,437,2,0,-1,0,1,1
3194,125,5,0,-1,0,5,0
3195,9,8,0,-1,0,1,0
3196,169,7,2,190,0,1,1
3197,204,8,0,-1,0,6,0
3198,709,8,0,-1,1,2,1
3199,37,2,0,-1,0,1,0
3200,149,4,0,-1,0,3,0
3201,92,7,0,-1,0,8,0
3202,361,3,2,181,0,2,0
3203,221,0,5,182,0,2,0
3204,414,1,2,183,0,1,1
3205,430,1,0,-1,1,3,0
3206,276,6,0,-1,0,1,0
3207,181,1,0,-1,0,1,0
3208,1242,8,0,-1,0,1,1
3209,87,5,0,-1,1,2,0
3210,1975,1,0,-1,1,5,1
3211,206,1,0,-1,1,1,0
3212,68,5,0,-1,1,1,0
3213,133,1,0,-1,1,1,0
3214,157,1,0,-1,1,3,0
3215,122,8,0,-1,0,3,0
3216,81,2,0,-1,1,5,0
3217,22,5,0,-1,0,18,0
3218,97,1,0,-1,1,2,0
3219,24,5,0,-1,0,30,0
3220,767,10,0,-1,0,3,1
3221,152,2,0,-1,0,10,0
3222,639,2,0,-1,0,2,0
3223,793,8,0,-1,1,1,0
3224,265,0,0,-1,0,2,1
3225,185,5,1,123,0,1,1
3226,121,6,5,100,1,3,1
3227,140,5,0,-1,0,3,0
3228,367,1,0,-1,0,2,1
3229,126,5,4,88,1,1,1
3230,153,8,0,-1,0,1,0
3231,120,10,0,-1,0,1,0
3232,221,9,0,-1,0,1,0
3233,72,1,1,370,1,2,0
3234,114,1,0,-1,1,5,0
3235,214,7,0,-1,1,1,1
3236,227,7,1,4,1,1,1
3237,91,8,0,-1,0,7,0
3238,210,0,0,-1,0,2,0
3239,422,1,5,364,1,1,0
3240,720,7,0,-1,1,1,1
3241,398,1,0,-1,1,6,1
3242,87,1,0,-1,1,2,0
3243,41,8,0,-1,0,1,0
3244,205,1,0,-1,1,1,0
3245,185,8,0,-1,1,1,0
3246,150,5,0,-1,0,2,1
3247,46,8,0,-1,0,3,0
3248,200,2,0,-1,0,1,1
3249,184,9,0,-1,0,3,0
3250,161,1,0,-1,1,1,0
3251,271,5,0,-1,0,2,1
3253,472,5,0,-1,0,3,0
3254,233,1,0,-1,1,2,0
3255,524,8,0,-1,0,3,0
3256,250,1,0,-1,1,4,0
3257,169,4,2,196,1,1,1
3258,106,1,0,-1,0,2,0
3259,319,1,0,-1,1,5,0
3260,204,5,0,-1,0,2,0
3261,241,8,0,-1,1,2,0
3262,231,5,0,-1,0,2,0
3263,55,9,0,-1,1,2,0
3264,381,1,0,-1,1,1,0
3265,853,4,0,-1,0,1,1
3266,796,4,1,154,1,5,1
3267,88,5,0,-1,0,3,0
3268,330,0,0,-1,0,3,1
3269,414,8,0,-1,1,1,0
3270,358,5,0,-1,0,3,0
3271,469,3,2,181,0,1,1
3273,473,5,0,-1,0,6,1
3274,279,11,19,189,0,3,1
3275,356,5,2,182,0,3,1
3276,626,0,0,-1,0,1,0
3277,443,9,0,-1,0,2,1
3278,886,2,0,-1,0,2,0
3279,99,0,13,225,0,2,0
3280,61,1,0,-1,1,2,0
3281,372,8,0,-1,1,2,0
3282,720,5,0,-1,0,1,1
3283,232,2,0,-1,1,1,0
3284,186,2,0,-1,0,2,1
3285,179,1,0,-1,1,9,0
3286,1232,7,1,146,1,3,1
3287,42,1,0,-1,0,3,0
3288,147,9,0,-1,0,3,0
3289,62,1,0,-1,1,2,0
3290,261,2,0,-1,0,2,1
3291,200,2,0,-1,0,2,0
3292,203,10,14,165,0,4,1
3293,212,8,0,-1,0,2,0
3294,308,4,0,-1,1,3,0
3295,297,1,0,-1,0,1,0
3296,312,1,0,-1,1,1,0
3297,93,8,0,-1,1,2,0
3298,85,5,0,-1,1,24,0
3299,155,1,0,-1,1,2,0
3300,829,8,0,-1,0,5,1
3302,69,7,2,164,1,1,0
3303,83,5,0,-1,0,4,0
3304,245,5,10,183,1,2,1
3305,92,5,0,-1,1,6,0
3306,281,1,0,-1,1,1,0
3307,908,5,0,-1,1,1,1
3308,476,1,1,352,0,1,1
3309,102,1,0,-1,0,2,0
3310,145,1,0,-1,1,1,0
3311,290,0,3,153,1,2,0
3312,61,5,0,-1,0,4,0
3313,209,5,0,-1,1,3,0
3314,383,2,19,296,0,1,1
3315,108,8,0,-1,1,5,0
3316,604,8,0,-1,0,1,0
3317,16,1,0,-1,1,1,0
3318,366,0,0,-1,0,1,0
3319,316,2,0,-1,0,1,0
3320,45,4,1,196,1,1,0
3321,1439,8,0,-1,0,6,1
3322,298,1,0,-1,1,5,0
3323,297,5,0,-1,0,1,0
3324,166,2,0,-1,0,2,1
3325,662,1,1,367,1,1,1
3326,340,1,0,-1,1,2,0
3327,113,6,1,80,0,1,0
3328,508,2,0,-1,1,2,1
3329,127,5,0,-1,0,4,0
3330,686,8,0,-1,0,1,0
3331,93,10,0,-1,0,1,0
3332,149,1,0,-1,1,1,0
3333,396,1,0,-1,1,3,0
3334,90,7,1,346,1,3,0
3335,923,1,0,-1,1,1,1
3336,243,1,0,-1,1,1,0
3337,222,1,0,-1,1,1,0
3338,104,2,0,-1,1,1,0
3339,587,7,0,-1,0,1,1
3340,7,2,0,-1,0,12,0
3341,167,5,0,-1,0,10,0
3342,177,4,1,184,1,2,0
3343,200,2,0,-1,0,2,0
3344,119,5,0,-1,0,2,0
3345,711,4,0,-1,1,2,0
3346,267,1,0,-1,1,2,0
3347,405,10,2,266,0,1,1
3348,187,0,0,-1,0,1,1
3349,418,4,1,168,1,1,1
3350,316,1,0,-1,0,1,0
3351,68,8,0,-1,1,2,0
3352,784,8,0,-1,0,1,1
3353,1164,4,0,-1,0,2,1
3354,146,4,14,151,1,2,0
3355,189,1,0,-1,1,2,0
3356,318,8,3,317,0,4,0
3357,129,4,0,-1,1,2,0
3358,736,1,0,-1,1,2,1
3359,259,7,1,296,1,1,1
3360,650,1,0,-1,1,1,0
3361,79,4,0,-1,1,1,0
3362,106,1,0,-1,1,3,0
3363,47,6,12,779,1,1,0
3364,154,5,1,97,0,2,0
3365,153,8,0,-1,1,2,0
3366,469,2,0,-1,1,2,0
3367,1248,2,0,-1,1,3,1
3368,425,8,0,-1,1,1,0
3369,246,1,5,55,1,1,1
3370,108,5,0,-1,0,22,0
3371,106,3,0,-1,0,1,1
3372,28,6,0,-1,0,2,0
3373,359,2,0,-1,0,4,0
3374,123,5,0,-1,0,2,0
3375,132,1,1,360,0,1,0
3376,312,5,1,181,0,3,1
3377,131,8,0,-1,0,2,0
3378,116,1,1,365,1,4,0
3379,157,1,0,-1,1,4,0
3380,93,4,0,-1,1,2,0
3381,226,2,0,-1,0,1,0
3382,712,7,1,344,1,1,1
3383,285,1,0,-1,1,1,0
3384,300,1,0,-1,1,2,0
3385,1081,6,0,-1,0,2,1
3386,1276,2,0,-1,1,2,1
3387,196,1,0,-1,1,4,0
3388,114,1,0,-1,1,2,0
3390,139,5,3,92,0,1,1
3391,130,10,6,182,0,2,0
3392,66,1,0,-1,1,2,0
3393,384,2,0,-1,0,2,0
3395,198,7,0,-1,1,1,0
3396,545,7,0,-1,0,1,1
3397,111,4,0,-1,1,1,0
3398,489,8,0,-1,0,1,0
3399,80,0,0,-1,0,1,0
3400,108,1,0,-1,0,2,0
3401,207,2,1,98,0,2,1
3402,371,9,0,-1,1,1,0
3403,788,1,0,-1,1,3,0
3404,138,1,1,286,1,4,0
3405,117,5,0,-1,1,1,0
3406,206,1,0,-1,0,6,0
3407,754,8,0,-1,1,1,1
3408,1138,1,0,-1,1,1,1
3409,595,2,0,-1,0,2,1
3410,49,9,0,-1,0,1,0
3411,200,7,2,259,0,1,1
3412,269,2,1,104,0,1,1
3413,258,5,4,178,0,2,1
3414,412,1,0,-1,0,1,1
3415,229,1,0,-1,1,2,0
3416,158,1,0,-1,0,2,0
3417,101,10,0,-1,0,1,1
3418,154,1,0,-1,1,2,0
3419,82,1,0,-1,1,3,0
3420,585,1,0,-1,1,1,1
3421,716,8,0,-1,0,3,1
3422,158,11,0,-1,1,3,0
3423,175,9,6,92,0,1,1
3424,635,7,0,-1,0,1,1
3425,158,1,0,-1,1,2,1
3426,156,8,0,-1,1,3,0
3427,69,5,0,-1,0,2,0
3428,1205,1,0,-1,1,1,1
3429,651,5,0,-1,0,1,1
3430,362,2,0,-1,1,1,0
3431,185,2,0,-1,0,2,0
3432,102,4,0,-1,1,1,1
3433,981,9,2,269,1,5,1
3434,210,4,1,93,0,1,1
3435,86,1,0,-1,0,1,0
3436,200,2,0,-1,0,4,1
3437,140,8,8,424,1,1,1
3438,101,3,1,421,0,1,1
3439,12,8,0,-1,0,16,0
3440,202,4,0,-1,1,1,0
3441,716,1,2,263,1,3,1
3442,9,2,0,-1,0,13,0
3443,223,9,7,200,1,2,0
3444,190,4,0,-1,0,2,0
3445,538,1,0,-1,1,1,1
3446,231,8,0,-1,1,2,0
3447,209,5,0,-1,1,6,0
3448,433,4,0,-1,1,2,0
3450,165,1,2,287,0,1,1
3451,320,3,0,-1,1,1,1
3452,48,7,0,-1,0,2,0
3453,85,4,0,-1,1,1,0
3454,59,1,0,-1,1,3,0
3455,230,7,0,-1,1,1,0
3456,1393,9,0,-1,1,1,1
3457,1576,5,0,-1,0,8,1
3458,372,8,0,-1,0,1,0
3459,361,7,1,136,1,1,0
3460,587,5,0,-1,1,2,1
3461,153,9,0,-1,0,1,0
3462,66,9,0,-1,0,1,0
3463,179,4,0,-1,0,1,0
3464,670,9,0,-1,0,3,1
3465,882,7,0,-1,1,3,1
3466,318,1,0,-1,1,3,0
3467,1130,1,0,-1,0,2,1
3468,136,9,0,-1,1,3,1
3469,412,4,0,-1,1,1,1
3470,206,9,0,-1,0,1,1
3471,99,1,1,352,1,1,0
3472,418,4,0,-1,0,1,0
3473,344,7,2,343,1,2,0
3474,79,5,0,-1,0,3,0
3475,129,1,0,-1,1,1,0
3476,125,8,0,-1,0,1,0
3477,19,9,0,-1,1,8,0
3478,460,5,0,-1,0,2,0
3479,798,11,5,185,1,1,1
3480,212,10,0,-1,0,1,1
3481,318,5,0,-1,0,2,1
3482,158,1,0,-1,1,1,0
3483,341,7,0,-1,0,2,1
3484,11,1,2,330,1,7,0
3485,429,1,2,164,0,4,1
3486,97,9,5,196,1,4,0
3487,347,2,0,-1,1,3,0
3489,119,1,0,-1,1,1,0
3490,9,5,0,-1,0,25,0
3492,127,4,0,-1,0,2,0
3493,264,7,0,-1,1,2,0
3495,99,0,0,-1,0,1,0
3496,190,1,0,-1,0,1,0
3497,669,5,0,-1,0,2,1
3498,128,5,0,-1,0,2,0
3499,174,7,0,-1,1,1,0
3500,82,7,0,-1,0,1,1
3501,339,7,9,241,0,1,0
3502,886,9,0,-1,0,2,0
3503,379,5,0,-1,0,6,1
3504,243,7,0,-1,0,1,1
3505,267,5,0,-1,0,1,1
3506,196,2,0,-1,0,4,0
3507,282,6,1,187,0,2,1
3508,367,1,0,-1,0,1,1
3509,512,5,0,-1,0,8,1
3510,309,0,0,-1,1,3,0
3511,103,7,3,182,1,1,1
3512,386,1,0,-1,1,1,0
3513,273,6,4,199,0,3,1
3514,242,4,0,-1,0,1,0
3515,71,9,0,-1,1,2,1
3516,608,1,0,-1,1,3,1
3517,744,5,0,-1,1,2,1
3518,88,5,0,-1,1,4,0
3519,175,5,0,-1,0,2,0
3521,565,1,0,-1,1,2,0
3522,41,9,0,-1,1,3,0
3523,140,2,0,-1,0,2,0
3524,334,1,0,-1,1,1,0
3525,104,7,0,-1,0,5,1
3527,328,9,4,183,0,2,1
3528,332,5,0,-1,0,1,1
3529,157,5,0,-1,0,9,0
3530,782,8,0,-1,0,8,1
3531,944,0,0,-1,0,3,1
3532,335,7,0,-1,0,2,0
3533,180,7,0,-1,0,1,1
3534,20,1,0,-1,1,2,0
3535,582,7,0,-1,1,1,0
3536,58,5,0,-1,0,2,0
3537,1064,1,0,-1,0,1,1
3538,860,7,0,-1,1,1,1
3539,483,1,0,-1,1,2,0
3540,111,1,0,-1,0,2,0
3541,472,8,0,-1,0,3,0
3542,190,2,0,-1,1,1,0
3543,42,8,0,-1,0,3,0
3544,97,2,0,-1,0,1,0
3545,976,9,0,-1,0,2,1
3546,344,6,1,295,0,1,1
3547,128,2,0,-1,0,1,0
3548,433,3,1,342,0,3,1
3549,460,5,0,-1,0,2,0
3550,1086,9,0,-1,0,1,1
3551,77,1,0,-1,1,3,0
3552,126,4,5,92,0,1,1
3553,97,1,0,-1,1,1,0
3554,458,1,1,349,0,2,0
3555,106,8,0,-1,0,3,0
3556,784,5,10,94,1,3,1
3557,215,5,0,-1,0,2,0
3558,703,1,0,-1,1,1,1
3559,763,5,0,-1,0,14,1
3561,350,5,0,-1,0,6,0
3562,51,1,1,294,1,1,0
3563,79,4,2,106,0,1,0
3564,604,8,0,-1,1,2,0
3565,255,9,6,555,1,2,1
3566,188,5,0,-1,0,3,0
3567,58,2,0,-1,0,1,0
3568,221,7,2,70,1,1,0
3569,570,2,0,-1,1,2,1
3570,189,5,0,-1,0,2,0
3571,133,9,0,-1,0,1,0
3572,301,4,0,-1,0,1,0
3573,1323,2,0,-1,0,9,1
3574,27,1,0,-1,1,2,0
3575,137,5,3,104,1,2,1
3576,25,2,0,-1,0,41,0
3577,132,10,0,-1,0,1,1
3578,174,8,8,160,1,2,1
3579,128,8,0,-1,0,6,0
3580,25,8,0,-1,0,8,0
3581,350,8,7,445,1,2,1
3582,275,2,1,296,0,2,1
3583,264,1,2,300,1,1,0
3584,124,1,0,-1,1,1,0
3585,141,7,0,-1,0,1,0
3587,742,1,0,-1,1,2,0
3588,278,8,0,-1,1,2,1
3589,116,5,0,-1,0,6,0
3590,1010,2,0,-1,0,3,1
3591,328,6,2,854,1,1,1
3592,70,5,0,-1,0,1,0
3593,42,4,0,-1,1,2,0
3594,332,2,0,-1,0,5,0
3595,230,8,2,164,0,2,1
3596,53,2,0,-1,0,1,0
3597,175,1,0,-1,1,2,0
3598,159,2,0,-1,1,2,1
3599,266,10,0,-1,1,1,1
3600,51,5,0,-1,0,3,0
3602,217,10,0,-1,0,1,1
3603,504,5,10,178,0,2,1
3604,151,9,2,214,0,1,0
3605,150,6,3,105,0,1,1
3606,179,7,0,-1,0,3,1
3607,1077,4,0,-1,0,1,1
3608,567,7,0,-1,0,1,1
3609,517,8,0,-1,1,5,0
3610,50,1,0,-1,1,7,0
3611,154,9,1,93,0,2,1
3612,50,8,0,-1,1,2,0
3613,252,7,1,168,1,1,1
3614,58,1,5,352,1,1,0
3615,86,1,0,-1,1,4,0
3617,371,1,0,-1,1,2,0
3618,239,6,2,99,1,1,1
3619,87,7,0,-1,1,2,0
3620,573,8,0,-1,0,5,1
3621,198,5,0,-1,0,1,0
3622,72,8,0,-1,1,19,0
3623,1318,2,0,-1,0,3,1
3624,209,1,0,-1,1,3,0
3625,60,10,0,-1,0,1,0
3626,921,5,0,-1,0,2,1
3627,349,0,0,-1,0,1,1
3628,144,0,1,102,0,1,1
3629,302,2,0,-1,0,1,1
3630,159,1,0,-1,1,1,0
3632,151,0,1,253,1,1,0
3633,470,7,3,426,1,7,1
3634,43,9,2,263,1,5,0
3635,220,2,8,28,0,1,1
3636,80,5,0,-1,0,6,0
3637,131,5,6,98,0,2,1
3638,243,1,0,-1,1,6,0
3639,460,1,0,-1,1,2,1
3640,138,9,1,5,1,3,0
3641,736,9,0,-1,0,1,1
3642,380,5,0,-1,1,4,0
3643,145,1,0,-1,1,5,0
3644,165,1,5,169,1,3,0
3645,814,8,0,-1,0,2,1
3647,87,8,0,-1,1,3,0
3648,86,4,0,-1,1,2,0
3649,262,1,0,-1,0,1,0
3650,320,1,2,371,1,3,0
3651,72,8,0,-1,0,14,0
3652,756,1,0,-1,1,1,1
3653,262,2,1,71,0,2,1
3655,134,1,1,103,0,1,0
3657,210,8,0,-1,0,5,1
3658,396,8,0,-1,1,2,1
3659,256,2,0,-1,0,9,0
3661,171,8,0,-1,0,1,0
3662,1091,4,1,150,0,2,1
3663,177,1,0,-1,1,2,0
3664,1222,8,0,-1,1,1,1
3665,192,5,0,-1,0,4,0
3666,166,1,0,-1,1,7,0
3668,262,1,0,-1,1,3,0
3669,167,4,1,92,0,1,1
3670,930,5,0,-1,0,3,1
3671,43,5,0,-1,0,13,0
3672,126,8,0,-1,1,4,0
3673,222,5,4,182,0,3,1
3674,40,1,0,-1,1,7,0
3675,125,7,0,-1,1,2,0
3676,40,7,0,-1,1,1,0
3677,600,1,0,-1,1,4,0
3678,740,7,0,-1,1,3,1
3679,89,2,0,-1,0,1,0
3680,158,5,0,-1,0,10,0
3682,233,9,0,-1,0,2,1
3683,99,5,0,-1,0,2,0
3684,83,8,0,-1,1,4,0
3685,77,4,0,-1,1,1,0
3686,877,1,0,-1,1,3,1
3687,226,9,0,-1,0,2,0
3688,939,8,0,-1,0,3,1
3689,263,2,2,450,1,1,1
3690,114,9,3,263,1,1,0
3691,172,9,0,-1,0,10,1
3692,670,5,0,-1,0,1,1
3693,104,8,0,-1,1,3,0
3694,97,8,0,-1,0,1,0
3695,185,1,0,-1,1,1,0
3696,221,10,1,182,0,1,1
3697,111,5,0,-1,1,2,0
3698,152,1,6,182,0,1,1
3699,430,8,0,-1,1,4,1
3700,206,5,1,97,0,1,0
3701,335,8,0,-1,1,2,0
3702,207,2,0,-1,0,1,1
3703,429,8,0,-1,1,1,0
3704,149,8,0,-1,0,2,0
3705,1073,1,0,-1,1,1,1
3706,385,8,0,-1,0,5,1
3707,166,4,1,195,0,1,1
3708,588,9,0,-1,0,1,1
3709,465,7,0,-1,0,4,1
3710,240,1,0,-1,1,3,0
3711,767,8,0,-1,1,5,1
3712,110,7,0,-1,0,2,1
3713,104,10,19,85,1,1,0
3714,181,2,2,293,0,3,1
3715,57,5,0,-1,0,3,0
3716,813,1,0,-1,0,1,1
3717,119,5,0,-1,1,2,0
3718,107,8,0,-1,0,17,0
3719,658,3,0,-1,0,1,1
3720,236,5,0,-1,0,10,0
3721,1120,8,0,-1,1,2,1
3722,441,0,0,-1,0,1,1
3723,132,8,0,-1,1,5,0
3725,45,9,0,-1,1,1,0
3726,311,5,0,-1,0,2,0
3727,258,1,2,329,1,4,0
3728,221,0,0,-1,0,4,0
3729,135,8,3,49,1,2,1
3730,200,1,0,-1,1,2,0
3731,209,1,0,-1,1,2,0
3732,121,0,2,190,0,1,0
3733,199,4,0,-1,0,1,1
3734,537,4,0,-1,0,2,0
3735,125,8,0,-1,1,1,0
3736,1789,4,0,-1,1,1,1
3737,747,4,0,-1,0,2,1
3738,584,7,0,-1,1,1,0
3740,1135,8,0,-1,0,2,1
3741,311,1,2,169,1,1,0
3742,1370,11,3,209,0,3,1
3743,314,1,0,-1,1,1,0
3744,116,1,0,-1,0,1,0
3746,598,2,5,105,0,4,1
3747,600,6,12,92,1,2,1
3748,142,5,0,-1,0,3,0
3749,199,4,0,-1,1,1,0
3750,1242,5,0,-1,0,5,1
3751,403,7,0,-1,0,1,1
3752,642,2,0,-1,1,2,1
3753,198,0,0,-1,0,3,0
3754,1000,8,0,-1,0,1,1
3755,66,2,0,-1,1,5,0
3756,724,1,0,-1,1,1,0
3757,951,1,4,370,1,3,1
3758,256,5,0,-1,0,2,0
3759,192,4,2,92,0,2,1
3760,1130,8,0,-1,1,8,1
3761,166,4,7,97,0,3,1
3762,594,5,0,-1,0,4,1
3763,165,7,0,-1,1,4,0
3764,157,5,0,-1,1,1,0
3765,50,5,0,-1,0,5,0
3766,510,7,0,-1,1,2,0
3767,83,8,0,-1,1,6,0
3768,153,9,3,48,0,1,1
3769,1598,1,5,175,1,4,1
3770,260,4,1,103,0,5,1
3771,416,5,0,-1,0,1,0
3772,184,8,0,-1,1,6,0
3773,119,1,0,-1,1,1,0
3774,112,10,0,-1,1,1,1
3775,317,2,0,-1,1,1,0
3776,876,5,0,-1,0,1,1
3777,208,2,0,-1,0,1,1
3778,530,5,0,-1,0,2,0
3779,82,1,1,306,1,9,0
3780,85,5,0,-1,0,5,0
3781,584,8,0,-1,0,1,1
3782,328,4,0,-1,0,1,0
3783,117,7,0,-1,1,3,0
3784,91,1,0,-1,1,3,0
3786,1109,1,0,-1,1,3,1
3787,189,5,0,-1,0,1,1
3790,271,8,0,-1,0,2,0
3791,198,1,0,-1,1,1,0
3792,645,9,0,-1,0,2,1
3793,658,8,0,-1,1,2,1
3794,211,9,5,187,0,1,1
3795,395,6,0,-1,1,1,1
3796,276,7,0,-1,1,2,0
3797,61,5,0,-1,0,4,0
3798,126,5,0,-1,1,6,0
3799,809,1,1,300,1,1,1
3800,1399,8,0,-1,1,1,1
3801,128,2,0,-1,1,1,0
3802,339,10,10,91,1,3,1
3803,172,3,0,-1,1,2,0
3804,121,5,0,-1,0,8,0
3805,204,5,0,-1,1,2,0
3806,26,2,0,-1,1,1,0
3807,378,7,0,-1,0,1,1
3808,99,5,0,-1,1,3,0
3809,265,6,4,476,1,2,1
3810,1545,8,0,-1,1,1,1
3811,42,1,1,302,1,1,0
3812,240,1,0,-1,1,2,0
3813,54,3,0,-1,0,1,0
3814,264,11,0,-1,1,2,1
3815,94,9,1,85,1,9,0
3816,83,8,0,-1,1,6,0
3817,434,4,0,-1,1,1,0
3818,352,2,2,122,1,2,1
3819,841,7,2,85,1,1,1
3820,112,6,2,24,1,2,0
3821,71,8,0,-1,0,1,0
3822,401,8,0,-1,0,1,0
3823,372,4,0,-1,0,1,1
3824,65,1,0,-1,1,3,0
3825,482,1,0,-1,1,2,0
3826,201,2,0,-1,0,5,0
3827,347,2,0,-1,0,1,0
3828,1040,4,0,-1,0,1,0
3829,87,0,1,245,0,1,0
3830,1174,7,4,345,1,1,1
3831,135,1,0,-1,1,2,0
3832,311,8,0,-1,1,27,0
3833,121,5,3,112,1,6,0
3834,726,5,0,-1,1,1,0
3835,108,8,0,-1,1,1,0
3836,37,7,2,343,1,1,0
3837,93,2,0,-1,0,2,0
3838,207,7,0,-1,0,17,1
3839,151,5,0,-1,0,3,0
3840,492,5,0,-1,0,2,0
3842,116,3,0,-1,1,1,1
3843,109,2,0,-1,1,1,0
3845,65,8,0,-1,1,12,0
3846,257,7,0,-1,1,1,0
3847,106,8,0,-1,0,1,0
3848,134,4,3,192,0,2,1
3849,89,1,0,-1,1,5,0
3850,182,5,0,-1,1,1,0
3851,120,3,0,-1,0,3,1
3852,693,1,2,372,1,5,1
3853,82,9,0,-1,0,3,0
3854,95,8,0,-1,0,1,0
3855,774,7,1,326,1,2,0
3856,224,1,2,370,1,1,0
3857,147,7,1,188,0,1,0
3859,138,5,0,-1,0,2,0
3861,454,8,0,-1,1,1,1
3862,1417,8,0,-1,0,1,1
3863,15,9,0,-1,0,5,0
3864,935,1,0,-1,1,1,1
3865,161,5,5,375,0,2,1
3866,141,5,0,-1,1,3,0
3867,84,2,0,-1,0,1,1
3868,222,2,0,-1,0,1,0
3869,29,2,0,-1,0,3,0
3870,163,7,0,-1,0,1,1
3871,93,1,1,350,1,1,0
3872,592,1,1,66,1,1,1
3873,274,1,0,-1,1,2,0
3874,382,6,3,183,0,1,1
3875,309,1,0,-1,1,2,0
3876,452,2,0,-1,0,1,0
3877,273,5,2,95,0,1,1
3878,893,1,0,-1,1,3,1
3879,251,8,0,-1,0,5,0
3880,324,5,2,455,0,1,0
3881,106,1,0,-1,0,2,0
3882,638,2,0,-1,1,1,1
3883,1141,2,0,-1,0,6,1
3884,1162,1,0,-1,1,4,1
3885,155,1,0,-1,1,2,0
3886,72,4,0,-1,1,2,0
3887,302,8,0,-1,0,3,0
3888,350,11,1,182,0,1,1
3889,577,2,0,-1,0,3,1
3890,595,11,0,-1,0,1,1
3892,112,5,0,-1,0,2,0
3893,100,5,0,-1,0,2,1
3894,476,8,0,-1,1,4,1
3895,140,2,0,-1,0,2,1
3896,1628,4,8,188,0,2,1
3897,150,5,0,-1,0,2,0
3898,1792,4,0,-1,1,2,1
3899,139,8,0,-1,0,1,0
3900,568,8,0,-1,0,7,1
3901,155,1,0,-1,1,1,0
3902,490,6,0,-1,0,1,0
3903,111,2,0,-1,0,1,0
3904,151,8,0,-1,1,1,0
3905,48,5,0,-1,0,13,0
3906,248,5,4,180,0,1,0
3907,889,5,0,-1,1,2,0
3908,441,5,0,-1,0,1,1
3910,213,5,0,-1,1,4,0
3911,668,1,0,-1,1,2,1
3912,911,1,0,-1,1,2,1
3913,606,8,0,-1,0,1,1
3914,174,9,0,-1,0,2,0
3915,114,1,0,-1,1,1,0
3916,323,1,3,353,0,2,1
3917,76,7,7,260,1,1,0
3918,191,8,0,-1,0,2,0
3919,78,8,0,-1,1,3,0
3920,135,4,0,-1,0,1,1
3921,135,1,3,354,1,2,0
3922,155,8,0,-1,1,1,0
3923,554,1,1,356,1,2,1
3924,1156,7,3,261,1,1,0
3925,1279,1,0,-1,1,3,1
3926,226,1,0,-1,1,2,0
3927,796,1,0,-1,0,1,1
3928,243,2,0,-1,0,2,0
3929,260,8,0,-1,0,2,1
3930,94,8,0,-1,0,3,0
3931,930,1,0,-1,1,1,1
3933,413,1,0,-1,1,1,0
3934,250,10,4,120,1,2,0
3935,242,1,0,-1,1,1,0
3936,100,1,0,-1,1,5,0
3938,1249,0,0,-1,0,3,1
3939,106,7,0,-1,0,3,0
3940,113,5,0,-1,0,2,0
3941,901,2,0,-1,0,1,1
3942,265,1,0,-1,1,5,0
3943,627,4,1,192,0,2,1
3944,99,2,0,-1,0,3,0
3946,94,2,0,-1,1,1,0
3947,650,1,0,-1,1,5,1
3948,306,1,5,181,1,1,1
3949,504,8,0,-1,0,2,0
3950,2093,2,0,-1,0,1,1
3951,564,4,0,-1,1,2,0
3952,436,2,0,-1,0,1,0
3953,520,4,0,-1,0,2,0
3954,97,10,0,-1,1,1,1
3955,359,1,0,-1,1,2,0
3956,357,8,0,-1,0,1,0
3957,595,4,0,-1,0,1,0
3958,657,1,0,-1,1,1,1
3959,315,5,1,105,0,2,1
3960,22,1,0,-1,1,3,0
3961,641,8,0,-1,0,1,1
3962,93,4,3,111,1,3,0
3963,65,4,0,-1,1,1,0
3964,1558,2,0,-1,0,1,1
3965,392,8,0,-1,0,2,0
3966,371,10,0,-1,0,1,1
3967,270,1,0,-1,0,5,1
3968,105,2,0,-1,1,3,0
3969,143,5,0,-1,0,2,0
3970,296,1,0,-1,1,1,0
3971,475,9,0,-1,0,1,1
3972,129,7,0,-1,1,1,0
3973,168,1,0,-1,1,2,0
3974,128,8,0,-1,1,3,0
3975,543,9,1,189,0,1,1
3976,205,1,0,-1,1,2,0
3977,132,1,0,-1,1,1,0
3978,429,7,0,-1,0,2,0
3979,650,1,0,-1,1,3,1
3980,125,7,0,-1,0,2,0
3981,162,1,0,-1,1,2,0
3982,537,0,0,-1,1,1,0
3983,228,9,0,-1,0,2,0
3984,450,7,0,-1,1,2,0
3985,149,1,0,-1,1,2,0
3986,118,7,1,336,1,2,0
3987,409,5,0,-1,0,4,1
3988,240,0,3,301,0,1,1
3989,95,5,0,-1,0,1,0
3990,110,8,0,-1,1,6,0
3991,147,9,4,216,1,2,0
3992,60,1,0,-1,1,1,0
3993,231,5,3,2,1,2,1
3994,177,8,0,-1,0,1,0
3995,669,1,0,-1,0,3,0
3996,269,1,2,40,1,1,1
3997,125,8,0,-1,1,19,0
3998,290,8,0,-1,0,1,0
3999,99,0,3,227,1,1,0
4000,274,1,0,-1,1,2,0
